Date_Time,Name,Game,PuzzleNum,FinalScore,Fails,Answer,ScrabblePoints,Difficulty
2021-12-31 10:46:00,Player1,Wordle,195,6,5,unify,11.0,Easy
2021-12-31 10:47:00,Player2,Wordle,195,6,5,unify,11.0,Easy
2021-12-31 11:02:00,Player3,Wordle,195,3,2,unify,11.0,Easy
2021-12-31 13:46:00,Player4,Wordle,195,5,4,unify,11.0,Easy
2022-01-01 11:58:00,Player3,Wordle,196,5,4,rebus,7.0,Easy
2022-01-01 12:03:00,Player2,Wordle,196,4,3,rebus,7.0,Easy
2022-01-01 12:11:00,Player1,Wordle,196,5,4,rebus,7.0,Easy
2022-01-01 12:25:00,Player4,Wordle,196,5,4,rebus,7.0,Easy
2022-01-01 13:02:00,Player5,Wordle,196,6,5,rebus,7.0,Easy
2022-01-02 13:55:00,Player2,Wordle,197,4,3,boost,7.0,Easy
2022-01-02 13:57:00,Player4,Wordle,197,4,3,boost,7.0,Easy
2022-01-02 13:59:00,Player1,Wordle,197,5,4,boost,7.0,Easy
2022-01-02 14:27:00,Player3,Wordle,197,4,3,boost,7.0,Easy
2022-01-02 16:09:00,Player5,Wordle,197,3,2,boost,7.0,Easy
2022-01-03 06:28:00,Player4,Wordle,198,4,3,truss,5.0,Easy
2022-01-03 07:15:00,Player1,Wordle,198,3,2,truss,5.0,Easy
2022-01-03 21:06:00,Player5,Wordle,198,3,2,truss,5.0,Easy
2022-01-04 06:53:00,Player1,Wordle,199,4,3,siege,6.0,Easy
2022-01-04 10:28:00,Player5,Wordle,199,5,4,siege,6.0,Easy
2022-01-04 11:50:00,Player4,Wordle,199,4,3,siege,6.0,Easy
2022-01-04 11:50:00,Player2,Wordle,199,6,5,siege,6.0,Easy
2022-01-05 07:44:00,Player1,Wordle,200,6,5,tiger,6.0,Easy
2022-01-05 07:47:00,Player4,Wordle,200,6,6,tiger,6.0,Easy
2022-01-05 09:05:00,Player6,Wordle,200,3,2,tiger,6.0,Easy
2022-01-05 09:19:00,Player2,Wordle,200,4,3,tiger,6.0,Easy
2022-01-05 09:25:00,Player7,Wordle,200,3,2,tiger,6.0,Easy
2022-01-05 09:54:00,Player5,Wordle,200,5,4,tiger,6.0,Easy
2022-01-05 11:01:00,Player3,Wordle,200,5,4,tiger,6.0,Easy
2022-01-06 07:46:00,Player1,Wordle,201,3,2,banal,7.0,Easy
2022-01-06 10:52:00,Player4,Wordle,201,4,3,banal,7.0,Easy
2022-01-06 11:12:00,Player7,Wordle,201,5,4,banal,7.0,Easy
2022-01-06 11:15:00,Player5,Wordle,201,5,4,banal,7.0,Easy
2022-01-06 11:40:00,Player6,Wordle,201,4,3,banal,7.0,Easy
2022-01-06 11:53:00,Player2,Wordle,201,3,2,banal,7.0,Easy
2022-01-07 06:51:00,Player1,Wordle,202,5,4,slump,9.0,Easy
2022-01-07 07:34:00,Player5,Wordle,202,5,4,slump,9.0,Easy
2022-01-07 09:02:00,Player2,Wordle,202,5,4,slump,9.0,Easy
2022-01-07 09:05:00,Player4,Wordle,202,5,4,slump,9.0,Easy
2022-01-07 10:42:00,Player7,Wordle,202,3,2,slump,9.0,Easy
2022-01-07 10:57:00,Player6,Wordle,202,5,4,slump,9.0,Easy
2022-01-07 12:19:00,Player3,Wordle,202,4,3,slump,9.0,Easy
2022-01-08 03:47:00,Player6,Wordle,203,5,4,crank,11.0,Easy
2022-01-08 07:36:00,Player1,Wordle,203,4,3,crank,11.0,Easy
2022-01-08 10:23:00,Player5,Wordle,203,5,4,crank,11.0,Easy
2022-01-08 10:25:00,Player4,Wordle,203,3,2,crank,11.0,Easy
2022-01-08 10:52:00,Player2,Wordle,203,3,2,crank,11.0,Easy
2022-01-09 09:32:00,Player1,Wordle,204,4,3,gorge,7.0,Easy
2022-01-09 10:54:00,Player5,Wordle,204,4,3,gorge,7.0,Easy
2022-01-09 11:02:00,Player2,Wordle,204,5,4,gorge,7.0,Easy
2022-01-09 16:06:00,Player6,Wordle,204,5,4,gorge,7.0,Easy
2022-01-10 06:46:00,Player4,Wordle,205,3,2,query,17.0,Hard
2022-01-10 07:29:00,Player5,Wordle,205,4,3,query,17.0,Hard
2022-01-10 07:47:00,Player1,Wordle,205,6,5,query,17.0,Hard
2022-01-10 10:03:00,Player2,Wordle,205,4,3,query,17.0,Hard
2022-01-10 11:09:00,Player3,Wordle,205,4,3,query,17.0,Hard
2022-01-10 13:42:00,Player6,Wordle,205,3,2,query,17.0,Hard
2022-01-11 01:48:00,Player6,Wordle,206,4,3,drink,10.0,Easy
2022-01-11 06:15:00,Player1,Wordle,206,5,4,drink,10.0,Easy
2022-01-11 07:00:00,Player4,Wordle,206,3,2,drink,10.0,Easy
2022-01-11 08:34:00,Player5,Wordle,206,3,2,drink,10.0,Easy
2022-01-11 09:46:00,Player2,Wordle,206,3,2,drink,10.0,Easy
2022-01-12 07:24:00,Player1,Wordle,207,5,4,favor,11.0,Easy
2022-01-12 08:29:00,Player4,Wordle,207,4,3,favor,11.0,Easy
2022-01-12 09:36:00,Player6,Wordle,207,6,5,favor,11.0,Easy
2022-01-12 09:50:00,Player2,Wordle,207,5,4,favor,11.0,Easy
2022-01-12 10:05:00,Player5,Wordle,207,3,2,favor,11.0,Easy
2022-01-12 10:07:00,Player3,Wordle,207,4,3,favor,11.0,Easy
2022-01-12 12:07:00,Player3,Wordle,207,6,6,favor,11.0,Easy
2022-01-13 07:25:00,Player1,Wordle,208,3,2,abbey,12.0,Hard
2022-01-13 07:43:00,Player5,Wordle,208,6,5,abbey,12.0,Hard
2022-01-13 10:26:00,Player6,Wordle,208,3,2,abbey,12.0,Hard
2022-01-13 12:23:00,Player2,Wordle,208,5,4,abbey,12.0,Hard
2022-01-14 03:06:00,Player3,Wordle,209,4,3,tangy,9.0,Easy
2022-01-14 07:24:00,Player1,Wordle,209,3,2,tangy,9.0,Easy
2022-01-14 07:30:00,Player4,Wordle,209,2,1,tangy,9.0,Easy
2022-01-14 10:34:00,Player2,Wordle,209,6,5,tangy,9.0,Easy
2022-01-14 10:36:00,Player7,Wordle,209,4,3,tangy,9.0,Easy
2022-01-14 16:01:00,Player6,Wordle,209,5,4,tangy,9.0,Easy
2022-01-14 18:44:00,Player5,Wordle,209,6,5,tangy,9.0,Easy
2022-01-15 07:55:00,Player1,Wordle,210,5,4,panic,9.0,Easy
2022-01-15 08:22:00,Player5,Wordle,210,3,2,panic,9.0,Easy
2022-01-15 08:29:00,Player4,Wordle,210,4,3,panic,9.0,Easy
2022-01-15 08:57:00,Player3,Wordle,210,4,3,panic,9.0,Easy
2022-01-15 09:27:00,Player2,Wordle,210,4,3,panic,9.0,Easy
2022-01-15 13:54:00,Player6,Wordle,210,3,2,panic,9.0,Easy
2022-01-16 05:13:00,Player2,Wordle,211,5,4,solar,5.0,Easy
2022-01-16 07:25:00,Player1,Wordle,211,3,2,solar,5.0,Easy
2022-01-16 07:58:00,Player4,Wordle,211,4,3,solar,5.0,Easy
2022-01-16 09:00:00,Player5,Wordle,211,6,5,solar,5.0,Easy
2022-01-16 09:24:00,Player6,Wordle,211,3,2,solar,5.0,Easy
2022-01-17 05:39:00,Player5,Wordle,212,4,3,shire,8.0,Easy
2022-01-17 08:05:00,Player4,Wordle,212,4,3,shire,8.0,Easy
2022-01-17 08:29:00,Player1,Wordle,212,2,1,shire,8.0,Easy
2022-01-17 09:45:00,Player2,Wordle,212,3,2,shire,8.0,Easy
2022-01-17 12:52:00,Player6,Wordle,212,4,3,shire,8.0,Easy
2022-01-18 07:23:00,Player4,Wordle,213,4,3,proxy,17.0,Hard
2022-01-18 07:36:00,Player1,Wordle,213,4,3,proxy,17.0,Hard
2022-01-18 08:27:00,Player2,Wordle,213,6,5,proxy,17.0,Hard
2022-01-18 09:19:00,Player5,Wordle,213,6,5,proxy,17.0,Hard
2022-01-18 09:59:00,Player8,Wordle,213,4,3,proxy,17.0,Hard
2022-01-18 11:39:00,Player3,Wordle,213,6,5,proxy,17.0,Hard
2022-01-18 12:27:00,Player6,Wordle,213,5,4,proxy,17.0,Hard
2022-01-19 07:06:00,Player1,Wordle,214,3,2,point,7.0,Easy
2022-01-19 07:15:00,Player4,Wordle,214,3,2,point,7.0,Easy
2022-01-19 08:46:00,Player5,Wordle,214,2,1,point,7.0,Easy
2022-01-19 08:58:00,Player6,Wordle,214,3,2,point,7.0,Easy
2022-01-19 09:23:00,Player7,Wordle,214,4,3,point,7.0,Easy
2022-01-19 09:28:00,Player2,Wordle,214,3,2,point,7.0,Easy
2022-01-20 03:50:00,Player2,Wordle,215,5,4,robot,7.0,Easy
2022-01-20 07:26:00,Player6,Wordle,215,3,2,robot,7.0,Easy
2022-01-20 07:29:00,Player4,Wordle,215,4,3,robot,7.0,Easy
2022-01-20 07:45:00,Player1,Wordle,215,3,2,robot,7.0,Easy
2022-01-20 08:26:00,Player5,Wordle,215,3,2,robot,7.0,Easy
2022-01-20 10:11:00,Player7,Wordle,215,4,3,robot,7.0,Easy
2022-01-21 00:14:00,Player6,Wordle,216,4,3,prick,13.0,Hard
2022-01-21 06:16:00,Player4,Wordle,216,3,2,prick,13.0,Hard
2022-01-21 07:31:00,Player1,Wordle,216,5,4,prick,13.0,Hard
2022-01-21 08:28:00,Player5,Wordle,216,4,3,prick,13.0,Hard
2022-01-21 09:32:00,Player2,Wordle,216,5,4,prick,13.0,Hard
2022-01-22 03:58:00,Player3,Wordle,217,3,2,wince,10.0,Easy
2022-01-22 04:35:00,Player6,Wordle,217,5,4,wince,10.0,Easy
2022-01-22 05:31:00,Player7,Wordle,217,3,2,wince,10.0,Easy
2022-01-22 07:05:00,Player1,Wordle,217,6,5,wince,10.0,Easy
2022-01-22 09:51:00,Player2,Wordle,217,6,5,wince,10.0,Easy
2022-01-22 10:04:00,Player5,Wordle,217,5,4,wince,10.0,Easy
2022-01-22 10:36:00,Player4,Wordle,217,5,4,wince,10.0,Easy
2022-01-23 02:16:00,Player3,Wordle,218,4,3,crimp,11.0,Easy
2022-01-23 02:20:00,Player2,Wordle,218,3,2,crimp,11.0,Easy
2022-01-23 07:31:00,Player4,Wordle,218,3,2,crimp,11.0,Easy
2022-01-23 08:15:00,Player1,Wordle,218,4,3,crimp,11.0,Easy
2022-01-23 10:22:00,Player5,Wordle,218,4,3,crimp,11.0,Easy
2022-01-23 10:27:00,Player7,Wordle,218,3,2,crimp,11.0,Easy
2022-01-23 11:01:00,Player6,Wordle,218,4,3,crimp,11.0,Easy
2022-01-24 01:32:00,Player2,Wordle,219,3,2,knoll,9.0,Easy
2022-01-24 10:49:00,Player7,Wordle,219,4,3,knoll,9.0,Easy
2022-01-24 10:59:00,Player5,Wordle,219,6,5,knoll,9.0,Easy
2022-01-24 12:16:00,Player1,Wordle,219,4,3,knoll,9.0,Easy
2022-01-24 13:03:00,Player6,Wordle,219,6,5,knoll,9.0,Easy
2022-01-24 13:04:00,Player3,Wordle,219,3,2,knoll,9.0,Easy
2022-01-24 21:16:00,Player4,Wordle,219,5,4,knoll,9.0,Easy
2022-01-25 00:34:00,Player6,Wordle,220,3,2,sugar,6.0,Easy
2022-01-25 02:47:00,Player3,Wordle,220,4,3,sugar,6.0,Easy
2022-01-25 03:14:00,Player2,Wordle,220,5,4,sugar,6.0,Easy
2022-01-25 07:03:00,Player4,Wordle,220,3,2,sugar,6.0,Easy
2022-01-25 08:01:00,Player1,Wordle,220,3,2,sugar,6.0,Easy
2022-01-25 08:08:00,Player5,Wordle,220,4,3,sugar,6.0,Easy
2022-01-26 06:21:00,Player4,Wordle,221,3,2,whack,17.0,Hard
2022-01-26 07:28:00,Player7,Wordle,221,4,3,whack,17.0,Hard
2022-01-26 07:36:00,Player5,Wordle,221,4,3,whack,17.0,Hard
2022-01-26 07:56:00,Player1,Wordle,221,5,4,whack,17.0,Hard
2022-01-26 09:24:00,Player2,Wordle,221,4,3,whack,17.0,Hard
2022-01-26 09:37:00,Player6,Wordle,221,3,2,whack,17.0,Hard
2022-01-26 10:33:00,Player3,Wordle,221,4,3,whack,17.0,Hard
2022-01-27 02:39:00,Player3,Wordle,222,3,2,mount,7.0,Easy
2022-01-27 06:51:00,Player5,Wordle,222,3,2,mount,7.0,Easy
2022-01-27 07:20:00,Player1,Wordle,222,4,3,mount,7.0,Easy
2022-01-27 08:25:00,Player6,Wordle,222,4,3,mount,7.0,Easy
2022-01-27 09:30:00,Player2,Wordle,222,5,4,mount,7.0,Easy
2022-01-27 19:44:00,Player7,Wordle,222,4,3,mount,7.0,Easy
2022-01-27 20:43:00,Player4,Wordle,222,4,3,mount,7.0,Easy
2022-01-28 05:54:00,Player2,Wordle,223,4,3,perky,14.0,Hard
2022-01-28 06:12:00,Player1,Wordle,223,4,3,perky,14.0,Hard
2022-01-28 06:49:00,Player4,Wordle,223,2,1,perky,14.0,Hard
2022-01-28 09:09:00,Player5,Wordle,223,4,3,perky,14.0,Hard
2022-01-28 10:21:00,Player6,Wordle,223,6,5,perky,14.0,Hard
2022-01-28 20:14:00,Player7,Wordle,223,4,3,perky,14.0,Hard
2022-01-29 00:38:00,Player6,Wordle,224,4,3,could,8.0,Easy
2022-01-29 00:56:00,Player2,Wordle,224,5,4,could,8.0,Easy
2022-01-29 06:45:00,Player7,Wordle,224,4,3,could,8.0,Easy
2022-01-29 07:16:00,Player4,Wordle,224,3,2,could,8.0,Easy
2022-01-29 08:50:00,Player5,Wordle,224,3,2,could,8.0,Easy
2022-01-29 10:27:00,Player1,Wordle,224,4,3,could,8.0,Easy
2022-01-30 01:43:00,Player2,Wordle,225,4,3,wrung,9.0,Easy
2022-01-30 06:37:00,Player1,Wordle,225,4,3,wrung,9.0,Easy
2022-01-30 07:36:00,Player4,Wordle,225,5,4,wrung,9.0,Easy
2022-01-30 09:31:00,Player5,Wordle,225,4,3,wrung,9.0,Easy
2022-01-30 11:00:00,Player7,Wordle,225,5,4,wrung,9.0,Easy
2022-01-30 11:01:00,Player3,Wordle,225,4,3,wrung,9.0,Easy
2022-01-30 13:13:00,Player6,Wordle,225,4,3,wrung,9.0,Easy
2022-01-31 07:39:00,Player4,Wordle,226,3,2,light,9.0,Easy
2022-01-31 07:45:00,Player1,Wordle,226,3,2,light,9.0,Easy
2022-01-31 07:55:00,Player5,Wordle,226,4,3,light,9.0,Easy
2022-01-31 07:56:00,Player6,Wordle,226,5,4,light,9.0,Easy
2022-01-31 09:18:00,Player2,Wordle,226,6,5,light,9.0,Easy
2022-01-31 13:20:00,Player3,Wordle,226,4,3,light,9.0,Easy
2022-01-31 21:34:00,Player7,Wordle,226,3,2,light,9.0,Easy
2022-02-01 05:40:00,Player1,Wordle,227,5,4,those,8.0,Easy
2022-02-01 06:11:00,Player4,Wordle,227,4,3,those,8.0,Easy
2022-02-01 07:41:00,Player5,Wordle,227,4,3,those,8.0,Easy
2022-02-01 08:50:00,Player2,Wordle,227,3,2,those,8.0,Easy
2022-02-01 08:55:00,Player6,Wordle,227,3,2,those,8.0,Easy
2022-02-02 02:16:00,Player3,Wordle,228,3,2,moist,7.0,Easy
2022-02-02 06:44:00,Player4,Wordle,228,3,2,moist,7.0,Easy
2022-02-02 06:53:00,Player1,Wordle,228,3,2,moist,7.0,Easy
2022-02-02 08:16:00,Player2,Wordle,228,2,1,moist,7.0,Easy
2022-02-02 08:37:00,Player5,Wordle,228,3,2,moist,7.0,Easy
2022-02-02 09:11:00,Player6,Wordle,228,3,2,moist,7.0,Easy
2022-02-02 09:30:00,Player7,Wordle,228,3,2,moist,7.0,Easy
2022-02-03 07:23:00,Player4,Wordle,229,2,1,shard,9.0,Easy
2022-02-03 07:29:00,Player1,Wordle,229,6,5,shard,9.0,Easy
2022-02-03 07:35:00,Player2,Wordle,229,3,2,shard,9.0,Easy
2022-02-03 08:38:00,Player7,Wordle,229,3,2,shard,9.0,Easy
2022-02-03 08:40:00,Player6,Wordle,229,3,2,shard,9.0,Easy
2022-02-03 09:22:00,Player5,Wordle,229,2,1,shard,9.0,Easy
2022-02-04 03:01:00,Player3,Wordle,230,3,2,pleat,7.0,Easy
2022-02-04 07:31:00,Player5,Wordle,230,4,3,pleat,7.0,Easy
2022-02-04 07:48:00,Player1,Wordle,230,4,3,pleat,7.0,Easy
2022-02-04 07:55:00,Player4,Wordle,230,3,2,pleat,7.0,Easy
2022-02-04 08:06:00,Player2,Wordle,230,5,4,pleat,7.0,Easy
2022-02-04 09:02:00,Player6,Wordle,230,2,1,pleat,7.0,Easy
2022-02-04 23:40:00,Player4,Wordle,231,4,3,aloft,8.0,Easy
2022-02-05 02:50:00,Player6,Wordle,231,4,3,aloft,8.0,Easy
2022-02-05 09:09:00,Player2,Wordle,231,4,3,aloft,8.0,Easy
2022-02-05 09:09:00,Player5,Wordle,231,5,4,aloft,8.0,Easy
2022-02-05 09:39:00,Player1,Wordle,231,4,3,aloft,8.0,Easy
2022-02-05 12:38:00,Player7,Wordle,231,4,3,aloft,8.0,Easy
2022-02-06 07:31:00,Player1,Wordle,232,5,4,skill,9.0,Easy
2022-02-06 08:15:00,Player5,Wordle,232,6,5,skill,9.0,Easy
2022-02-06 08:34:00,Player4,Wordle,232,4,3,skill,9.0,Easy
2022-02-06 08:36:00,Player2,Wordle,232,5,4,skill,9.0,Easy
2022-02-06 12:43:00,Player6,Wordle,232,3,2,skill,9.0,Easy
2022-02-06 13:11:00,Player3,Wordle,232,3,2,skill,9.0,Easy
2022-02-06 15:58:00,Player7,Wordle,232,3,2,skill,9.0,Easy
2022-02-07 06:50:00,Player4,Wordle,233,5,4,elder,6.0,Easy
2022-02-07 07:24:00,Player1,Wordle,233,3,2,elder,6.0,Easy
2022-02-07 08:10:00,Player2,Wordle,233,6,5,elder,6.0,Easy
2022-02-07 09:21:00,Player6,Wordle,233,6,6,elder,6.0,Easy
2022-02-07 10:17:00,Player5,Wordle,233,6,5,elder,6.0,Easy
2022-02-07 11:47:00,Player7,Wordle,233,6,5,elder,6.0,Easy
2022-02-07 12:49:00,Player3,Wordle,233,4,3,elder,6.0,Easy
2022-02-08 06:41:00,Player4,Wordle,234,4,3,frame,10.0,Easy
2022-02-08 07:56:00,Player1,Wordle,234,4,3,frame,10.0,Easy
2022-02-08 08:07:00,Player2,Wordle,234,5,4,frame,10.0,Easy
2022-02-08 08:28:00,Player5,Wordle,234,3,2,frame,10.0,Easy
2022-02-08 09:53:00,Player6,Wordle,234,5,4,frame,10.0,Easy
2022-02-09 07:45:00,Player1,Wordle,235,3,2,humor,10.0,Easy
2022-02-09 08:07:00,Player5,Wordle,235,4,3,humor,10.0,Easy
2022-02-09 08:58:00,Player7,Wordle,235,5,4,humor,10.0,Easy
2022-02-09 08:59:00,Player4,Wordle,235,4,3,humor,10.0,Easy
2022-02-09 09:18:00,Player2,Wordle,235,5,4,humor,10.0,Easy
2022-02-09 11:17:00,Player6,Wordle,235,5,4,humor,10.0,Easy
2022-02-09 13:07:00,Player3,Wordle,235,4,3,humor,10.0,Easy
2022-02-10 00:37:00,Player6,Wordle,236,4,3,pause,7.0,Easy
2022-02-10 07:13:00,Player4,Wordle,236,3,2,pause,7.0,Easy
2022-02-10 07:33:00,Player1,Wordle,236,4,3,pause,7.0,Easy
2022-02-10 08:28:00,Player2,Wordle,236,3,2,pause,7.0,Easy
2022-02-10 09:03:00,Player7,Wordle,236,4,3,pause,7.0,Easy
2022-02-10 11:51:00,Player3,Wordle,236,3,2,pause,7.0,Easy
2022-02-10 14:33:00,Player5,Wordle,236,5,4,pause,7.0,Easy
2022-02-11 06:46:00,Player1,Wordle,237,4,3,ulcer,7.0,Easy
2022-02-11 08:09:00,Player4,Wordle,237,5,4,ulcer,7.0,Easy
2022-02-11 08:19:00,Player5,Wordle,237,6,6,ulcer,7.0,Easy
2022-02-11 08:38:00,Player2,Wordle,237,3,2,ulcer,7.0,Easy
2022-02-11 11:44:00,Player6,Wordle,237,5,4,ulcer,7.0,Easy
2022-02-12 03:09:00,Player6,Wordle,238,5,4,ultra,5.0,Easy
2022-02-12 07:59:00,Player1,Wordle,238,4,3,ultra,5.0,Easy
2022-02-12 08:23:00,Player4,Wordle,238,4,3,ultra,5.0,Easy
2022-02-12 09:50:00,Player2,Wordle,238,5,4,ultra,5.0,Easy
2022-02-12 10:02:00,Player5,Wordle,238,5,4,ultra,5.0,Easy
2022-02-12 10:18:00,Player3,Wordle,238,3,2,ultra,5.0,Easy
2022-02-12 21:55:00,Player7,Wordle,238,5,4,ultra,5.0,Easy
2022-02-13 00:33:00,Player6,Wordle,239,4,3,robin,7.0,Easy
2022-02-13 07:26:00,Player2,Wordle,239,4,3,robin,7.0,Easy
2022-02-13 07:52:00,Player4,Wordle,239,3,2,robin,7.0,Easy
2022-02-13 09:46:00,Player1,Wordle,239,3,2,robin,7.0,Easy
2022-02-13 16:53:00,Player5,Wordle,239,4,3,robin,7.0,Easy
2022-02-13 16:59:00,Player7,Wordle,239,4,3,robin,7.0,Easy
2022-02-14 08:27:00,Player1,Wordle,240,4,3,cynic,12.0,Hard
2022-02-14 08:38:00,Player4,Wordle,240,4,3,cynic,12.0,Hard
2022-02-14 08:44:00,Player5,Wordle,240,6,5,cynic,12.0,Hard
2022-02-14 10:19:00,Player6,Wordle,240,4,3,cynic,12.0,Hard
2022-02-14 10:40:00,Player2,Wordle,240,5,4,cynic,12.0,Hard
2022-02-14 13:35:00,Player3,Wordle,240,4,3,cynic,12.0,Hard
2022-02-15 02:47:00,Player3,Wordle,241,4,3,agora,6.0,Easy
2022-02-15 03:04:00,Player6,Wordle,241,6,5,agora,6.0,Easy
2022-02-15 07:50:00,Player4,Wordle,241,5,4,agora,6.0,Easy
2022-02-15 08:21:00,Player5,Wordle,241,5,4,agora,6.0,Easy
2022-02-15 08:53:00,Player1,Wordle,241,3,2,agora,6.0,Easy
2022-02-15 10:18:00,Player2,Wordle,241,5,4,agora,6.0,Easy
2022-02-16 06:31:00,Player4,Wordle,242,3,2,caulk,11.0,Easy
2022-02-16 07:45:00,Player5,Wordle,242,5,4,caulk,11.0,Easy
2022-02-16 08:07:00,Player1,Wordle,242,5,4,caulk,11.0,Easy
2022-02-16 09:32:00,Player2,Wordle,242,2,1,caulk,11.0,Easy
2022-02-16 11:04:00,Player6,Wordle,242,4,3,caulk,11.0,Easy
2022-02-16 11:17:00,Player3,Wordle,242,4,3,caulk,11.0,Easy
2022-02-17 08:50:00,Player6,Wordle,243,2,1,shake,12.0,Hard
2022-02-17 09:11:00,Player1,Wordle,243,4,3,shake,12.0,Hard
2022-02-17 09:13:00,Player2,Wordle,243,2,1,shake,12.0,Hard
2022-02-17 09:51:00,Player5,Wordle,243,3,2,shake,12.0,Hard
2022-02-17 11:22:00,Player3,Wordle,243,3,2,shake,12.0,Hard
2022-02-17 16:49:00,Player7,Wordle,243,4,3,shake,12.0,Hard
2022-02-18 10:21:00,Player1,Wordle,244,4,3,dodge,8.0,Easy
2022-02-18 10:59:00,Player2,Wordle,244,5,4,dodge,8.0,Easy
2022-02-18 12:45:00,Player5,Wordle,244,6,5,dodge,8.0,Easy
2022-02-18 13:34:00,Player6,Wordle,244,6,5,dodge,8.0,Easy
2022-02-18 13:35:00,Player3,Wordle,244,3,2,dodge,8.0,Easy
2022-02-19 06:13:00,Player4,Wordle,245,5,4,swill,8.0,Easy
2022-02-19 07:14:00,Player1,Wordle,245,5,4,swill,8.0,Easy
2022-02-19 08:07:00,Player5,Wordle,245,5,4,swill,8.0,Easy
2022-02-19 10:46:00,Player2,Wordle,245,4,3,swill,8.0,Easy
2022-02-19 11:41:00,Player6,Wordle,245,5,4,swill,8.0,Easy
2022-02-20 02:53:00,Player3,Wordle,246,3,2,tacit,7.0,Easy
2022-02-20 07:52:00,Player1,Wordle,246,3,2,tacit,7.0,Easy
2022-02-20 08:30:00,Player2,Wordle,246,3,2,tacit,7.0,Easy
2022-02-20 08:37:00,Player5,Wordle,246,5,4,tacit,7.0,Easy
2022-02-20 10:29:00,Player6,Wordle,246,4,3,tacit,7.0,Easy
2022-02-20 12:23:00,Player7,Wordle,246,5,4,tacit,7.0,Easy
2022-02-21 06:44:00,Player7,Wordle,247,3,2,other,8.0,Easy
2022-02-21 08:32:00,Player2,Wordle,247,4,3,other,8.0,Easy
2022-02-21 09:18:00,Player6,Wordle,247,3,2,other,8.0,Easy
2022-02-21 09:56:00,Player5,Wordle,247,3,2,other,8.0,Easy
2022-02-21 10:29:00,Player1,Wordle,247,3,2,other,8.0,Easy
2022-02-21 11:51:00,Player3,Wordle,247,4,3,other,8.0,Easy
2022-02-21 18:05:00,Player4,Wordle,247,4,3,other,8.0,Easy
2022-02-22 03:16:00,Player3,Wordle,248,3,2,thorn,8.0,Easy
2022-02-22 03:58:00,Player2,Wordle,248,4,3,thorn,8.0,Easy
2022-02-22 06:18:00,Player4,Wordle,248,3,2,thorn,8.0,Easy
2022-02-22 08:51:00,Player6,Wordle,248,4,3,thorn,8.0,Easy
2022-02-22 10:27:00,Player1,Wordle,248,4,3,thorn,8.0,Easy
2022-02-22 17:05:00,Player5,Wordle,248,4,3,thorn,8.0,Easy
2022-02-22 22:01:00,Player7,Wordle,248,3,2,thorn,8.0,Easy
2022-02-23 06:28:00,Player4,Wordle,249,4,3,trove,8.0,Easy
2022-02-23 08:43:00,Player2,Wordle,249,3,2,trove,8.0,Easy
2022-02-23 10:17:00,Player1,Wordle,249,4,3,trove,8.0,Easy
2022-02-23 11:02:00,Player6,Wordle,249,5,4,trove,8.0,Easy
2022-02-23 12:13:00,Player5,Wordle,249,5,4,trove,8.0,Easy
2022-02-23 15:19:00,Player7,Wordle,249,4,3,trove,8.0,Easy
2022-02-24 01:10:00,Player7,Wordle,250,4,3,bloke,11.0,Easy
2022-02-24 01:24:00,Player6,Wordle,250,3,2,bloke,11.0,Easy
2022-02-24 09:15:00,Player2,Wordle,250,3,2,bloke,11.0,Easy
2022-02-24 10:06:00,Player4,Wordle,250,4,3,bloke,11.0,Easy
2022-02-24 10:26:00,Player1,Wordle,250,4,3,bloke,11.0,Easy
2022-02-24 14:15:00,Player3,Wordle,250,4,3,bloke,11.0,Easy
2022-02-24 22:53:00,Player5,Wordle,250,3,2,bloke,11.0,Easy
2022-02-25 07:13:00,Player1,Wordle,251,3,2,vivid,12.0,Hard
2022-02-25 07:32:00,Player6,Wordle,251,4,3,vivid,12.0,Hard
2022-02-25 09:18:00,Player2,Wordle,251,3,2,vivid,12.0,Hard
2022-02-26 08:10:00,Player4,Wordle,252,4,3,spill,7.0,Easy
2022-02-26 10:29:00,Player1,Wordle,252,5,4,spill,7.0,Easy
2022-02-26 10:46:00,Player2,Wordle,252,4,3,spill,7.0,Easy
2022-02-26 13:12:00,Player3,Wordle,252,3,2,spill,7.0,Easy
2022-02-26 14:14:00,Player7,Wordle,252,3,2,spill,7.0,Easy
2022-02-26 14:29:00,Player6,Wordle,252,4,3,spill,7.0,Easy
2022-02-26 14:31:00,Player5,Wordle,252,4,3,spill,7.0,Easy
2022-02-27 08:47:00,Player2,Wordle,253,4,3,chant,10.0,Easy
2022-02-27 09:36:00,Player4,Wordle,253,3,2,chant,10.0,Easy
2022-02-27 11:01:00,Player1,Wordle,253,3,2,chant,10.0,Easy
2022-02-27 11:57:00,Player3,Wordle,253,3,2,chant,10.0,Easy
2022-02-27 12:02:00,Player6,Wordle,253,2,1,chant,10.0,Easy
2022-02-27 17:55:00,Player5,Wordle,253,3,2,chant,10.0,Easy
2022-02-27 18:15:00,Player7,Wordle,253,4,3,chant,10.0,Easy
2022-02-28 02:12:00,Player3,Wordle,254,3,2,choke,14.0,Hard
2022-02-28 04:48:00,Player6,Wordle,254,3,2,choke,14.0,Hard
2022-02-28 08:27:00,Player2,Wordle,254,3,2,choke,14.0,Hard
2022-02-28 10:33:00,Player1,Wordle,254,3,2,choke,14.0,Hard
2022-02-28 10:43:00,Player5,Wordle,254,6,5,choke,14.0,Hard
2022-03-01 08:45:00,Player5,Wordle,255,4,3,rupee,7.0,Easy
2022-03-01 08:48:00,Player2,Wordle,255,3,2,rupee,7.0,Easy
2022-03-01 09:00:00,Player4,Wordle,255,3,2,rupee,7.0,Easy
2022-03-01 11:34:00,Player1,Wordle,255,5,4,rupee,7.0,Easy
2022-03-01 11:34:00,Player3,Wordle,255,3,2,rupee,7.0,Easy
2022-03-01 11:54:00,Player6,Wordle,255,3,2,rupee,7.0,Easy
2022-03-02 07:06:00,Player2,Wordle,256,4,3,nasty,8.0,Easy
2022-03-02 07:12:00,Player4,Wordle,256,3,2,nasty,8.0,Easy
2022-03-02 09:11:00,Player5,Wordle,256,6,5,nasty,8.0,Easy
2022-03-02 09:14:00,Player1,Wordle,256,4,3,nasty,8.0,Easy
2022-03-02 09:22:00,Player3,Wordle,256,3,2,nasty,8.0,Easy
2022-03-02 10:59:00,Player6,Wordle,256,4,3,nasty,8.0,Easy
2022-03-03 06:33:00,Player4,Wordle,257,3,2,mourn,7.0,Easy
2022-03-03 08:29:00,Player2,Wordle,257,4,3,mourn,7.0,Easy
2022-03-03 09:02:00,Player6,Wordle,257,3,2,mourn,7.0,Easy
2022-03-03 09:28:00,Player1,Wordle,257,3,2,mourn,7.0,Easy
2022-03-03 12:12:00,Player3,Wordle,257,4,3,mourn,7.0,Easy
2022-03-04 00:52:00,Player7,Wordle,258,4,3,ahead,9.0,Easy
2022-03-04 08:42:00,Player1,Wordle,258,4,3,ahead,9.0,Easy
2022-03-04 08:57:00,Player3,Wordle,258,4,3,ahead,9.0,Easy
2022-03-04 09:14:00,Player2,Wordle,258,5,4,ahead,9.0,Easy
2022-03-04 10:58:00,Player6,Wordle,258,4,3,ahead,9.0,Easy
2022-03-04 11:56:00,Player4,Wordle,258,4,3,ahead,9.0,Easy
2022-03-05 06:54:00,Player7,Wordle,259,4,3,brine,7.0,Easy
2022-03-05 06:54:00,Player1,Wordle,259,2,1,brine,7.0,Easy
2022-03-05 07:48:00,Player4,Wordle,259,2,1,brine,7.0,Easy
2022-03-05 09:31:00,Player2,Wordle,259,6,5,brine,7.0,Easy
2022-03-05 10:01:00,Player6,Wordle,259,5,4,brine,7.0,Easy
2022-03-05 14:56:00,Player3,Wordle,259,4,3,brine,7.0,Easy
2022-03-06 03:51:00,Player3,Wordle,260,3,2,cloth,10.0,Easy
2022-03-06 07:42:00,Player1,Wordle,260,4,3,cloth,10.0,Easy
2022-03-06 08:10:00,Player4,Wordle,260,2,1,cloth,10.0,Easy
2022-03-06 08:21:00,Player2,Wordle,260,3,2,cloth,10.0,Easy
2022-03-06 15:20:00,Player6,Wordle,260,5,4,cloth,10.0,Easy
2022-03-07 06:45:00,Player7,Wordle,261,5,4,hoard,9.0,Easy
2022-03-07 08:26:00,Player1,Wordle,261,4,3,hoard,9.0,Easy
2022-03-07 08:32:00,Player2,Wordle,261,5,4,hoard,9.0,Easy
2022-03-07 11:02:00,Player6,Wordle,261,3,2,hoard,9.0,Easy
2022-03-07 12:43:00,Player3,Wordle,261,4,3,hoard,9.0,Easy
2022-03-08 01:03:00,Player6,Wordle,262,6,5,sweet,8.0,Easy
2022-03-08 07:28:00,Player4,Wordle,262,4,3,sweet,8.0,Easy
2022-03-08 08:14:00,Player2,Wordle,262,5,4,sweet,8.0,Easy
2022-03-08 08:16:00,Player1,Wordle,262,4,3,sweet,8.0,Easy
2022-03-08 10:54:00,Player3,Wordle,262,3,2,sweet,8.0,Easy
2022-03-09 07:32:00,Player4,Wordle,263,3,2,month,10.0,Easy
2022-03-09 07:50:00,Player6,Wordle,263,4,3,month,10.0,Easy
2022-03-09 08:23:00,Player1,Wordle,263,5,4,month,10.0,Easy
2022-03-09 11:09:00,Player2,Wordle,263,3,2,month,10.0,Easy
2022-03-09 11:31:00,Player7,Wordle,263,3,2,month,10.0,Easy
2022-03-09 13:13:00,Player3,Wordle,263,3,2,month,10.0,Easy
2022-03-10 06:30:00,Player4,Wordle,264,4,3,lapse,7.0,Easy
2022-03-10 07:47:00,Player6,Wordle,264,4,3,lapse,7.0,Easy
2022-03-10 09:39:00,Player7,Wordle,264,5,4,lapse,7.0,Easy
2022-03-10 09:39:00,Player1,Wordle,264,4,3,lapse,7.0,Easy
2022-03-10 10:03:00,Player5,Wordle,264,3,2,lapse,7.0,Easy
2022-03-10 19:24:00,Player2,Wordle,264,5,4,lapse,7.0,Easy
2022-03-11 06:31:00,Player4,Wordle,265,3,2,watch,13.0,Hard
2022-03-11 08:23:00,Player2,Wordle,265,5,4,watch,13.0,Hard
2022-03-11 08:29:00,Player1,Wordle,265,6,6,watch,13.0,Hard
2022-03-11 08:40:00,Player5,Wordle,265,4,3,watch,13.0,Hard
2022-03-11 09:14:00,Player7,Wordle,265,3,2,watch,13.0,Hard
2022-03-11 10:51:00,Player6,Wordle,265,5,4,watch,13.0,Hard
2022-03-12 02:39:00,Player6,Wordle,266,4,3,today,9.0,Easy
2022-03-12 06:37:00,Player3,Wordle,266,4,3,today,9.0,Easy
2022-03-12 06:40:00,Player1,Wordle,266,4,3,today,9.0,Easy
2022-03-12 08:20:00,Player4,Wordle,266,3,2,today,9.0,Easy
2022-03-12 08:35:00,Player7,Wordle,266,3,2,today,9.0,Easy
2022-03-12 08:58:00,Player2,Wordle,266,4,3,today,9.0,Easy
2022-03-13 08:50:00,Player2,Wordle,267,3,2,focus,10.0,Easy
2022-03-13 11:17:00,Player6,Wordle,267,5,4,focus,10.0,Easy
2022-03-13 12:45:00,Player1,Wordle,267,5,4,focus,10.0,Easy
2022-03-13 13:27:00,Player3,Wordle,267,4,3,focus,10.0,Easy
2022-03-14 00:23:00,Player2,Wordle,268,4,3,smelt,7.0,Easy
2022-03-14 00:32:00,Player7,Wordle,268,4,3,smelt,7.0,Easy
2022-03-14 08:31:00,Player4,Wordle,268,3,2,smelt,7.0,Easy
2022-03-14 09:03:00,Player6,Wordle,268,5,4,smelt,7.0,Easy
2022-03-14 10:01:00,Player1,Wordle,268,5,4,smelt,7.0,Easy
2022-03-15 08:22:00,Player1,Wordle,269,3,2,tease,5.0,Easy
2022-03-15 08:45:00,Player2,Wordle,269,3,2,tease,5.0,Easy
2022-03-15 09:07:00,Player4,Wordle,269,3,2,tease,5.0,Easy
2022-03-15 09:56:00,Player6,Wordle,269,2,1,tease,5.0,Easy
2022-03-15 11:45:00,Player7,Wordle,269,3,2,tease,5.0,Easy
2022-03-16 07:40:00,Player1,Wordle,270,4,3,cater,7.0,Easy
2022-03-16 07:45:00,Player4,Wordle,270,5,4,cater,7.0,Easy
2022-03-16 08:05:00,Player2,Wordle,270,6,6,cater,7.0,Easy
2022-03-16 10:21:00,Player6,Wordle,270,3,2,cater,7.0,Easy
2022-03-17 06:56:00,Player4,Wordle,271,4,3,movie,10.0,Easy
2022-03-17 08:03:00,Player1,Wordle,271,5,4,movie,10.0,Easy
2022-03-17 11:12:00,Player3,Wordle,271,3,2,movie,10.0,Easy
2022-03-17 11:13:00,Player2,Wordle,271,6,5,movie,10.0,Easy
2022-03-17 16:11:00,Player6,Wordle,271,4,3,movie,10.0,Easy
2022-03-18 07:39:00,Player1,Wordle,272,4,3,saute,5.0,Easy
2022-03-18 08:33:00,Player2,Wordle,272,3,2,saute,5.0,Easy
2022-03-18 09:47:00,Player4,Wordle,272,4,3,saute,5.0,Easy
2022-03-18 10:15:00,Player6,Wordle,272,4,3,saute,5.0,Easy
2022-03-19 00:03:00,Player6,Wordle,273,5,4,allow,8.0,Easy
2022-03-19 00:08:00,Player2,Wordle,273,5,4,allow,8.0,Easy
2022-03-19 06:53:00,Player1,Wordle,273,4,3,allow,8.0,Easy
2022-03-19 10:20:00,Player5,Wordle,273,4,3,allow,8.0,Easy
2022-03-19 10:41:00,Player4,Wordle,273,5,4,allow,8.0,Easy
2022-03-20 08:19:00,Player2,Wordle,274,4,3,renew,8.0,Easy
2022-03-20 08:22:00,Player1,Wordle,274,3,2,renew,8.0,Easy
2022-03-20 11:16:00,Player3,Wordle,274,4,3,renew,8.0,Easy
2022-03-20 14:06:00,Player6,Wordle,274,3,2,renew,8.0,Easy
2022-03-21 00:27:00,Player2,Wordle,275,3,2,slosh,8.0,Easy
2022-03-21 06:38:00,Player1,Wordle,275,3,2,slosh,8.0,Easy
2022-03-21 07:04:00,Player4,Wordle,275,3,2,slosh,8.0,Easy
2022-03-22 00:24:00,Player6,Wordle,276,5,4,their,8.0,Easy
2022-03-22 00:43:00,Player2,Wordle,276,4,3,their,8.0,Easy
2022-03-22 06:50:00,Player4,Wordle,276,5,4,their,8.0,Easy
2022-03-22 07:03:00,Player1,Wordle,276,4,3,their,8.0,Easy
2022-03-22 10:33:00,Player3,Wordle,276,3,2,their,8.0,Easy
2022-03-23 06:28:00,Player1,Wordle,277,4,3,purge,8.0,Easy
2022-03-23 07:29:00,Player4,Wordle,277,4,3,purge,8.0,Easy
2022-03-23 08:16:00,Player2,Wordle,277,4,3,purge,8.0,Easy
2022-03-23 13:43:00,Player6,Wordle,277,4,3,purge,8.0,Easy
2022-03-24 07:58:00,Player1,Wordle,278,4,3,chest,10.0,Easy
2022-03-24 08:11:00,Player2,Wordle,278,4,3,chest,10.0,Easy
2022-03-24 09:04:00,Player4,Wordle,278,3,2,chest,10.0,Easy
2022-03-24 09:36:00,Player6,Wordle,278,3,2,chest,10.0,Easy
2022-03-24 11:43:00,Player3,Wordle,278,3,2,chest,10.0,Easy
2022-03-25 06:41:00,Player4,Wordle,279,2,1,depot,8.0,Easy
2022-03-25 07:28:00,Player1,Wordle,279,3,2,depot,8.0,Easy
2022-03-25 09:23:00,Player3,Wordle,279,4,3,depot,8.0,Easy
2022-03-25 10:02:00,Player2,Wordle,279,3,2,depot,8.0,Easy
2022-03-25 11:43:00,Player6,Wordle,279,3,2,depot,8.0,Easy
2022-03-26 06:46:00,Player1,Wordle,280,4,3,epoxy,17.0,Hard
2022-03-26 07:32:00,Player4,Wordle,280,4,3,epoxy,17.0,Hard
2022-03-26 08:41:00,Player2,Wordle,280,4,3,epoxy,17.0,Hard
2022-03-26 12:58:00,Player6,Wordle,280,4,3,epoxy,17.0,Hard
2022-03-27 00:58:00,Player2,Wordle,281,4,3,nymph,15.0,Hard
2022-03-27 07:25:00,Player1,Wordle,281,4,3,nymph,15.0,Hard
2022-03-27 08:08:00,Player4,Wordle,281,2,1,nymph,15.0,Hard
2022-03-27 14:45:00,Player6,Wordle,281,4,3,nymph,15.0,Hard
2022-03-28 08:04:00,Player4,Wordle,282,6,6,found,9.0,Easy
2022-03-28 08:32:00,Player1,Wordle,282,6,6,found,9.0,Easy
2022-03-28 08:46:00,Player2,Wordle,282,4,3,found,9.0,Easy
2022-03-28 12:54:00,Player6,Wordle,282,4,3,found,9.0,Easy
2022-03-29 01:19:00,Player2,Wordle,283,4,3,shall,8.0,Easy
2022-03-29 02:10:00,Player6,Wordle,283,3,2,shall,8.0,Easy
2022-03-29 08:09:00,Player4,Wordle,283,4,3,shall,8.0,Easy
2022-03-29 08:45:00,Player1,Wordle,283,4,3,shall,8.0,Easy
2022-03-29 13:55:00,Player5,Wordle,283,3,2,shall,8.0,Easy
2022-03-30 00:18:00,Player2,Wordle,284,3,2,stove,8.0,Easy
2022-03-30 06:57:00,Player1,Wordle,284,3,2,stove,8.0,Easy
2022-03-30 07:42:00,Player4,Wordle,284,4,3,stove,8.0,Easy
2022-03-30 08:47:00,Player5,Wordle,284,2,1,stove,8.0,Easy
2022-03-30 09:30:00,Player6,Wordle,284,2,1,stove,8.0,Easy
2022-03-31 04:55:00,Player6,Wordle,285,4,3,lowly,11.0,Easy
2022-03-31 08:34:00,Player2,Wordle,285,5,4,lowly,11.0,Easy
2022-03-31 08:38:00,Player1,Wordle,285,4,3,lowly,11.0,Easy
2022-03-31 11:26:00,Player3,Wordle,285,3,2,lowly,11.0,Easy
2022-03-31 12:48:00,Player4,Wordle,285,6,5,lowly,11.0,Easy
2022-04-01 06:53:00,Player1,Wordle,286,5,4,snout,5.0,Easy
2022-04-01 08:28:00,Player2,Wordle,286,4,3,snout,5.0,Easy
2022-04-01 09:33:00,Player6,Wordle,286,4,3,snout,5.0,Easy
2022-04-01 12:09:00,Player4,Wordle,286,3,2,snout,5.0,Easy
2022-04-02 00:58:00,Player2,Wordle,287,5,4,trope,7.0,Easy
2022-04-02 06:41:00,Player4,Wordle,287,2,1,trope,7.0,Easy
2022-04-02 08:18:00,Player6,Wordle,287,4,3,trope,7.0,Easy
2022-04-02 11:53:00,Player3,Wordle,287,4,3,trope,7.0,Easy
2022-04-02 12:10:00,Player1,Wordle,287,3,2,trope,7.0,Easy
2022-04-03 07:31:00,Player1,Wordle,288,4,3,fewer,11.0,Easy
2022-04-03 08:22:00,Player2,Wordle,288,5,4,fewer,11.0,Easy
2022-04-03 08:40:00,Player6,Wordle,288,5,4,fewer,11.0,Easy
2022-04-03 08:43:00,Player4,Wordle,288,6,5,fewer,11.0,Easy
2022-04-04 06:34:00,Player4,Wordle,289,4,3,shawl,11.0,Easy
2022-04-04 07:17:00,Player1,Wordle,289,4,3,shawl,11.0,Easy
2022-04-04 08:33:00,Player2,Wordle,289,3,2,shawl,11.0,Easy
2022-04-04 10:08:00,Player6,Wordle,289,2,1,shawl,11.0,Easy
2022-04-04 10:36:00,Player3,Wordle,289,3,2,shawl,11.0,Easy
2022-04-05 06:48:00,Player4,Wordle,290,3,2,natal,5.0,Easy
2022-04-05 06:50:00,Player1,Wordle,290,4,3,natal,5.0,Easy
2022-04-05 07:08:00,Player6,Wordle,290,4,3,natal,5.0,Easy
2022-04-05 09:35:00,Player2,Wordle,290,6,5,natal,5.0,Easy
2022-04-06 07:03:00,Player5,Wordle,291,3,2,comma,11.0,Easy
2022-04-06 08:09:00,Player2,Wordle,291,4,3,comma,11.0,Easy
2022-04-06 10:12:00,Player1,Wordle,291,6,5,comma,11.0,Easy
2022-04-06 10:58:00,Player6,Wordle,291,4,3,comma,11.0,Easy
2022-04-06 11:28:00,Player4,Wordle,291,4,3,comma,11.0,Easy
2022-04-07 01:35:00,Player2,Wordle,292,4,3,foray,11.0,Easy
2022-04-07 06:49:00,Player4,Wordle,292,4,3,foray,11.0,Easy
2022-04-07 07:36:00,Player1,Wordle,292,5,4,foray,11.0,Easy
2022-04-07 10:52:00,Player6,Wordle,292,4,3,foray,11.0,Easy
2022-04-07 13:03:00,Player3,Wordle,292,5,4,foray,11.0,Easy
2022-04-07 13:30:00,Player5,Wordle,292,6,5,foray,11.0,Easy
2022-04-08 07:14:00,Player1,Wordle,293,2,1,scare,7.0,Easy
2022-04-08 07:17:00,Player4,Wordle,293,4,3,scare,7.0,Easy
2022-04-08 07:24:00,Player5,Wordle,293,5,4,scare,7.0,Easy
2022-04-08 09:02:00,Player6,Wordle,293,3,2,scare,7.0,Easy
2022-04-08 09:07:00,Player2,Wordle,293,4,3,scare,7.0,Easy
2022-04-09 00:55:00,Player2,Wordle,294,5,4,stair,5.0,Easy
2022-04-09 04:10:00,Player4,Wordle,294,4,3,stair,5.0,Easy
2022-04-09 04:13:00,Player6,Wordle,294,3,2,stair,5.0,Easy
2022-04-09 11:15:00,Player3,Wordle,294,4,3,stair,5.0,Easy
2022-04-09 12:36:00,Player1,Wordle,294,4,3,stair,5.0,Easy
2022-04-10 09:04:00,Player5,Wordle,295,3,2,black,13.0,Hard
2022-04-10 09:20:00,Player2,Wordle,295,3,2,black,13.0,Hard
2022-04-10 10:19:00,Player1,Wordle,295,4,3,black,13.0,Hard
2022-04-10 16:19:00,Player6,Wordle,295,4,3,black,13.0,Hard
2022-04-10 16:22:00,Player4,Wordle,295,3,2,black,13.0,Hard
2022-04-11 11:17:00,Player3,Wordle,296,4,3,squad,15.0,Hard
2022-04-11 11:26:00,Player1,Wordle,296,4,3,squad,15.0,Hard
2022-04-11 11:37:00,Player2,Wordle,296,5,4,squad,15.0,Hard
2022-04-12 04:06:00,Player6,Wordle,297,4,3,royal,8.0,Easy
2022-04-12 07:36:00,Player4,Wordle,297,5,4,royal,8.0,Easy
2022-04-12 08:06:00,Player2,Wordle,297,3,2,royal,8.0,Easy
2022-04-12 13:01:00,Player3,Wordle,297,3,2,royal,8.0,Easy
2022-04-12 13:40:00,Player1,Wordle,297,4,3,royal,8.0,Easy
2022-04-13 07:16:00,Player4,Wordle,298,5,4,chunk,14.0,Hard
2022-04-13 07:52:00,Player1,Wordle,298,4,3,chunk,14.0,Hard
2022-04-13 08:30:00,Player2,Wordle,298,4,3,chunk,14.0,Hard
2022-04-13 10:22:00,Player6,Wordle,298,5,4,chunk,14.0,Hard
2022-04-13 11:25:00,Player3,Wordle,298,3,2,chunk,14.0,Hard
2022-04-14 01:57:00,Player6,Wordle,299,4,3,mince,9.0,Easy
2022-04-14 06:43:00,Player4,Wordle,299,6,5,mince,9.0,Easy
2022-04-14 07:26:00,Player1,Wordle,299,4,3,mince,9.0,Easy
2022-04-14 12:02:00,Player3,Wordle,299,4,3,mince,9.0,Easy
2022-04-14 16:30:00,Player2,Wordle,299,5,4,mince,9.0,Easy
2022-04-15 03:35:00,Player6,Wordle,300,3,2,shame,10.0,Easy
2022-04-15 05:46:00,Player4,Wordle,300,3,2,shame,10.0,Easy
2022-04-15 08:04:00,Player1,Wordle,300,5,4,shame,10.0,Easy
2022-04-15 09:12:00,Player2,Wordle,300,4,3,shame,10.0,Easy
2022-04-15 11:47:00,Player3,Wordle,300,3,2,shame,10.0,Easy
2022-04-15 23:38:00,Player4,Wordle,301,4,3,cheek,14.0,Hard
2022-04-16 00:50:00,Player2,Wordle,301,3,2,cheek,14.0,Hard
2022-04-16 11:09:00,Player6,Wordle,301,4,3,cheek,14.0,Hard
2022-04-16 11:22:00,Player3,Wordle,301,5,4,cheek,14.0,Hard
2022-04-16 12:34:00,Player1,Wordle,301,4,3,cheek,14.0,Hard
2022-04-17 08:55:00,Player2,Wordle,302,3,2,ample,9.0,Easy
2022-04-17 11:50:00,Player6,Wordle,302,6,5,ample,9.0,Easy
2022-04-17 11:56:00,Player1,Wordle,302,2,1,ample,9.0,Easy
2022-04-17 12:11:00,Player4,Wordle,302,4,3,ample,9.0,Easy
2022-04-18 07:18:00,Player4,Wordle,303,3,2,flair,8.0,Easy
2022-04-18 07:20:00,Player1,Wordle,303,4,3,flair,8.0,Easy
2022-04-18 08:21:00,Player2,Wordle,303,4,3,flair,8.0,Easy
2022-04-18 12:02:00,Player3,Wordle,303,3,2,flair,8.0,Easy
2022-04-18 12:32:00,Player6,Wordle,303,3,2,flair,8.0,Easy
2022-04-19 09:34:00,Player2,Wordle,304,6,6,foyer,11.0,Easy
2022-04-19 09:35:00,Player4,Wordle,304,6,6,foyer,11.0,Easy
2022-04-19 12:22:00,Player1,Wordle,304,4,3,foyer,11.0,Easy
2022-04-19 22:28:00,Player6,Wordle,304,6,6,foyer,11.0,Easy
2022-04-20 07:19:00,Player4,Wordle,305,3,2,cargo,8.0,Easy
2022-04-20 07:44:00,Player1,Wordle,305,4,3,cargo,8.0,Easy
2022-04-20 08:39:00,Player2,Wordle,305,3,2,cargo,8.0,Easy
2022-04-20 13:56:00,Player6,Wordle,305,6,5,cargo,8.0,Easy
2022-04-21 06:27:00,Player4,Wordle,306,6,5,oxide,13.0,Hard
2022-04-21 10:40:00,Player1,Wordle,306,3,2,oxide,13.0,Hard
2022-04-21 10:42:00,Player2,Wordle,306,4,3,oxide,13.0,Hard
2022-04-21 10:57:00,Player3,Wordle,306,4,3,oxide,13.0,Hard
2022-04-21 15:11:00,Player6,Wordle,306,4,3,oxide,13.0,Hard
2022-04-22 00:06:00,Player2,Wordle,307,4,3,plant,7.0,Easy
2022-04-22 06:37:00,Player4,Wordle,307,2,1,plant,7.0,Easy
2022-04-22 08:49:00,Player1,Wordle,307,2,1,plant,7.0,Easy
2022-04-22 10:42:00,Player3,Wordle,307,2,1,plant,7.0,Easy
2022-04-22 23:08:00,Player6,Wordle,307,2,1,plant,7.0,Easy
2022-04-23 09:43:00,Player2,Wordle,308,4,3,olive,8.0,Easy
2022-04-23 09:44:00,Player2,Wordle,308,4,3,olive,8.0,Easy
2022-04-23 10:57:00,Player1,Wordle,308,3,2,olive,8.0,Easy
2022-04-23 11:44:00,Player6,Wordle,308,5,4,olive,8.0,Easy
2022-04-23 11:54:00,Player4,Wordle,308,5,4,olive,8.0,Easy
2022-04-24 09:39:00,Player2,Wordle,309,4,3,inert,5.0,Easy
2022-04-24 10:18:00,Player1,Wordle,309,4,3,inert,5.0,Easy
2022-04-24 15:37:00,Player6,Wordle,309,2,1,inert,5.0,Easy
2022-04-25 06:05:00,Player4,Wordle,310,5,4,askew,12.0,Hard
2022-04-25 07:31:00,Player1,Wordle,310,4,3,askew,12.0,Hard
2022-04-25 07:39:00,Player5,Wordle,310,3,2,askew,12.0,Hard
2022-04-25 08:06:00,Player2,Wordle,310,2,1,askew,12.0,Hard
2022-04-26 00:09:00,Player6,Wordle,310,5,4,askew,12.0,Hard
2022-04-26 00:17:00,Player2,Wordle,311,5,4,heist,8.0,Easy
2022-04-26 07:25:00,Player1,Wordle,311,4,3,heist,8.0,Easy
2022-04-26 07:29:00,Player6,Wordle,311,3,2,heist,8.0,Easy
2022-04-26 10:34:00,Player5,Wordle,311,3,2,heist,8.0,Easy
2022-04-26 12:55:00,Player4,Wordle,311,5,4,heist,8.0,Easy
2022-04-26 14:16:00,Player3,Wordle,311,4,3,heist,8.0,Easy
2022-04-27 00:03:00,Player2,Wordle,312,5,4,shown,11.0,Easy
2022-04-27 07:06:00,Player1,Wordle,312,4,3,shown,11.0,Easy
2022-04-27 07:51:00,Player5,Wordle,312,4,3,shown,11.0,Easy
2022-04-27 09:26:00,Player4,Wordle,312,5,4,shown,11.0,Easy
2022-04-27 11:03:00,Player3,Wordle,312,4,3,shown,11.0,Easy
2022-04-27 21:49:00,Player6,Wordle,312,4,3,shown,11.0,Easy
2022-04-28 06:55:00,Player1,Wordle,313,3,2,zesty,17.0,Hard
2022-04-28 07:32:00,Player6,Wordle,313,3,2,zesty,17.0,Hard
2022-04-28 07:43:00,Player2,Wordle,313,5,4,zesty,17.0,Hard
2022-04-28 09:30:00,Player5,Wordle,313,4,3,zesty,17.0,Hard
2022-04-29 07:09:00,Player4,Wordle,314,3,2,trash,8.0,Easy
2022-04-29 07:22:00,Player1,Wordle,314,3,2,trash,8.0,Easy
2022-04-29 08:31:00,Player2,Wordle,314,3,2,trash,8.0,Easy
2022-04-29 10:14:00,Player6,Wordle,314,2,1,trash,8.0,Easy
2022-04-29 12:33:00,Player3,Wordle,314,3,2,trash,8.0,Easy
2022-04-29 22:14:00,Player5,Wordle,314,4,3,trash,8.0,Easy
2022-04-30 08:49:00,Player2,Wordle,315,2,1,larva,8.0,Easy
2022-04-30 10:21:00,Player3,Wordle,315,4,3,larva,8.0,Easy
2022-04-30 10:23:00,Player4,Wordle,315,5,4,larva,8.0,Easy
2022-04-30 10:38:00,Player1,Wordle,315,3,2,larva,8.0,Easy
2022-04-30 12:44:00,Player6,Wordle,315,5,4,larva,8.0,Easy
2022-05-01 07:48:00,Player2,Wordle,316,4,3,forgo,9.0,Easy
2022-05-01 09:37:00,Player1,Wordle,316,4,3,forgo,9.0,Easy
2022-05-01 09:54:00,Player3,Wordle,316,5,4,forgo,9.0,Easy
2022-05-01 10:12:00,Player4,Wordle,316,6,5,forgo,9.0,Easy
2022-05-01 11:11:00,Player6,Wordle,316,5,4,forgo,9.0,Easy
2022-05-02 04:24:00,Player6,Wordle,317,4,3,story,8.0,Easy
2022-05-02 06:31:00,Player4,Wordle,317,3,2,story,8.0,Easy
2022-05-02 06:43:00,Player1,Wordle,317,2,1,story,8.0,Easy
2022-05-02 07:36:00,Player5,Wordle,317,5,4,story,8.0,Easy
2022-05-02 07:37:00,Player2,Wordle,317,4,3,story,8.0,Easy
2022-05-02 09:41:00,Player3,Wordle,317,4,3,story,8.0,Easy
2022-05-03 06:51:00,Player4,Wordle,318,4,3,hairy,11.0,Easy
2022-05-03 07:01:00,Player1,Wordle,318,4,3,hairy,11.0,Easy
2022-05-03 08:20:00,Player2,Wordle,318,4,3,hairy,11.0,Easy
2022-05-03 09:58:00,Player6,Wordle,318,2,1,hairy,11.0,Easy
2022-05-04 06:36:00,Player1,Wordle,319,3,2,train,5.0,Easy
2022-05-04 06:52:00,Player2,Wordle,319,2,1,train,5.0,Easy
2022-05-04 08:55:00,Player4,Wordle,319,3,2,train,5.0,Easy
2022-05-04 13:34:00,Player6,Wordle,319,5,4,train,5.0,Easy
2022-05-04 13:42:00,Player3,Wordle,319,3,2,train,5.0,Easy
2022-05-05 06:07:00,Player4,Wordle,320,3,2,homer,10.0,Easy
2022-05-05 08:29:00,Player2,Wordle,320,3,2,homer,10.0,Easy
2022-05-05 08:30:00,Player1,Wordle,320,4,3,homer,10.0,Easy
2022-05-05 09:54:00,Player6,Wordle,320,6,6,homer,10.0,Easy
2022-05-06 07:16:00,Player2,Wordle,321,3,2,badge,9.0,Easy
2022-05-06 07:26:00,Player1,Wordle,321,5,4,badge,9.0,Easy
2022-05-06 07:47:00,Player3,Wordle,321,3,2,badge,9.0,Easy
2022-05-06 08:50:00,Player4,Wordle,321,4,3,badge,9.0,Easy
2022-05-07 08:01:00,Player1,Wordle,322,5,4,midst,8.0,Easy
2022-05-07 08:24:00,Player2,Wordle,322,4,3,midst,8.0,Easy
2022-05-07 12:17:00,Player6,Wordle,322,4,3,midst,8.0,Easy
2022-05-08 07:54:00,Player4,Wordle,323,6,5,canny,10.0,Easy
2022-05-08 07:58:00,Player1,Wordle,323,5,4,canny,10.0,Easy
2022-05-08 08:31:00,Player2,Wordle,323,3,2,canny,10.0,Easy
2022-05-08 12:47:00,Player5,Wordle,323,6,5,canny,10.0,Easy
2022-05-08 13:24:00,Player3,Wordle,323,4,3,canny,10.0,Easy
2022-05-08 15:53:00,Player6,Wordle,323,5,4,canny,10.0,Easy
2022-05-09 07:52:00,Player1,Wordle,324,3,2,shine,8.0,Easy
2022-05-09 07:55:00,Player5,Wordle,324,4,3,shine,8.0,Easy
2022-05-09 08:53:00,Player2,Wordle,324,4,3,shine,8.0,Easy
2022-05-09 10:08:00,Player6,Wordle,324,3,2,shine,8.0,Easy
2022-05-09 10:21:00,Player3,Wordle,324,3,2,shine,8.0,Easy
2022-05-09 14:45:00,Player4,Wordle,324,4,3,shine,8.0,Easy
2022-05-10 07:16:00,Player6,Wordle,325,4,3,gecko,12.0,Hard
2022-05-10 07:22:00,Player1,Wordle,325,4,3,gecko,12.0,Hard
2022-05-10 08:10:00,Player2,Wordle,325,4,3,gecko,12.0,Hard
2022-05-10 10:09:00,Player3,Wordle,325,4,3,gecko,12.0,Hard
2022-05-11 06:41:00,Player1,Wordle,326,5,4,farce,10.0,Easy
2022-05-11 07:10:00,Player4,Wordle,326,4,3,farce,10.0,Easy
2022-05-11 07:22:00,Player2,Wordle,326,3,2,farce,10.0,Easy
2022-05-11 11:46:00,Player3,Wordle,326,4,3,farce,10.0,Easy
2022-05-11 17:50:00,Player6,Wordle,326,6,5,farce,10.0,Easy
2022-05-11 20:39:00,Player5,Wordle,326,3,2,farce,10.0,Easy
2022-05-11 21:19:00,Player3,Wordle,326,2,1,farce,10.0,Easy
2022-05-12 06:55:00,Player1,Wordle,327,6,5,slung,6.0,Easy
2022-05-12 08:19:00,Player2,Wordle,327,4,3,slung,6.0,Easy
2022-05-12 08:25:00,Player4,Wordle,327,4,3,slung,6.0,Easy
2022-05-12 10:57:00,Player3,Wordle,327,3,2,slung,6.0,Easy
2022-05-13 07:05:00,Player2,Wordle,328,4,3,tipsy,10.0,Easy
2022-05-13 07:36:00,Player1,Wordle,328,3,2,tipsy,10.0,Easy
2022-05-13 10:05:00,Player3,Wordle,328,4,3,tipsy,10.0,Easy
2022-05-13 12:30:00,Player6,Wordle,328,2,1,tipsy,10.0,Easy
2022-05-14 00:15:00,Player2,Wordle,329,3,2,metal,7.0,Easy
2022-05-14 07:30:00,Player1,Wordle,329,4,3,metal,7.0,Easy
2022-05-14 10:14:00,Player3,Wordle,329,2,1,metal,7.0,Easy
2022-05-14 12:43:00,Player5,Wordle,329,3,2,metal,7.0,Easy
2022-05-14 17:18:00,Player6,Wordle,329,2,1,metal,7.0,Easy
2022-05-15 07:38:00,Player2,Wordle,330,5,4,yield,9.0,Easy
2022-05-15 07:39:00,Player6,Wordle,330,4,3,yield,9.0,Easy
2022-05-15 08:04:00,Player4,Wordle,330,5,4,yield,9.0,Easy
2022-05-15 10:16:00,Player3,Wordle,330,4,3,yield,9.0,Easy
2022-05-15 10:19:00,Player1,Wordle,330,4,3,yield,9.0,Easy
2022-05-16 08:22:00,Player2,Wordle,331,4,3,delve,9.0,Easy
2022-05-16 08:37:00,Player1,Wordle,331,4,3,delve,9.0,Easy
2022-05-16 18:40:00,Player6,Wordle,331,4,3,delve,9.0,Easy
2022-05-16 20:10:00,Player5,Wordle,331,6,5,delve,9.0,Easy
2022-05-17 06:38:00,Player1,Wordle,332,3,2,being,8.0,Easy
2022-05-17 07:29:00,Player2,Wordle,332,5,4,being,8.0,Easy
2022-05-17 10:50:00,Player6,Wordle,332,4,3,being,8.0,Easy
2022-05-17 11:01:00,Player5,Wordle,332,4,3,being,8.0,Easy
2022-05-18 01:59:00,Player6,Wordle,333,4,3,scour,7.0,Easy
2022-05-18 06:20:00,Player1,Wordle,333,3,2,scour,7.0,Easy
2022-05-18 06:22:00,Player4,Wordle,333,3,2,scour,7.0,Easy
2022-05-18 10:20:00,Player2,Wordle,333,4,3,scour,7.0,Easy
2022-05-18 11:03:00,Player3,Wordle,333,3,2,scour,7.0,Easy
2022-05-19 08:34:00,Player5,Wordle,334,6,5,glass,6.0,Easy
2022-05-19 08:36:00,Player1,Wordle,334,4,3,glass,6.0,Easy
2022-05-19 09:59:00,Player3,Wordle,334,4,3,glass,6.0,Easy
2022-05-19 10:22:00,Player4,Wordle,334,4,3,glass,6.0,Easy
2022-05-19 10:47:00,Player2,Wordle,334,5,4,glass,6.0,Easy
2022-05-19 11:29:00,Player6,Wordle,334,3,2,glass,6.0,Easy
2022-05-20 00:36:00,Player2,Wordle,335,3,2,gamer,8.0,Easy
2022-05-20 06:55:00,Player1,Wordle,335,4,3,gamer,8.0,Easy
2022-05-20 10:43:00,Player6,Wordle,335,4,3,gamer,8.0,Easy
2022-05-20 15:00:00,Player3,Wordle,335,4,3,gamer,8.0,Easy
2022-05-20 19:41:00,Player4,Wordle,335,3,2,gamer,8.0,Easy
2022-05-21 07:00:00,Player6,Wordle,336,4,3,scrap,9.0,Easy
2022-05-21 07:51:00,Player2,Wordle,336,6,5,scrap,9.0,Easy
2022-05-21 08:35:00,Player4,Wordle,336,5,4,scrap,9.0,Easy
2022-05-21 11:49:00,Player3,Wordle,336,3,2,scrap,9.0,Easy
2022-05-21 18:58:00,Player1,Wordle,336,4,3,scrap,9.0,Easy
2022-05-22 09:48:00,Player6,Wordle,337,6,5,money,10.0,Easy
2022-05-22 10:14:00,Player1,Wordle,337,3,2,money,10.0,Easy
2022-05-23 06:48:00,Player1,Wordle,338,4,3,hinge,9.0,Easy
2022-05-23 08:16:00,Player2,Wordle,338,4,3,hinge,9.0,Easy
2022-05-23 10:52:00,Player3,Wordle,338,4,3,hinge,9.0,Easy
2022-05-23 10:54:00,Player4,Wordle,338,5,4,hinge,9.0,Easy
2022-05-24 00:08:00,Player6,Wordle,338,4,3,hinge,9.0,Easy
2022-05-24 07:55:00,Player1,Wordle,339,3,2,album,9.0,Easy
2022-05-24 10:34:00,Player3,Wordle,339,3,2,album,9.0,Easy
2022-05-24 18:36:00,Player2,Wordle,339,3,2,album,9.0,Easy
2022-05-25 09:02:00,Player6,Wordle,340,5,4,vouch,13.0,Hard
2022-05-25 09:04:00,Player1,Wordle,340,6,6,vouch,13.0,Hard
2022-05-25 09:07:00,Player4,Wordle,340,6,5,vouch,13.0,Hard
2022-05-25 10:15:00,Player2,Wordle,340,4,3,vouch,13.0,Hard
2022-05-26 06:44:00,Player1,Wordle,341,3,2,asset,5.0,Easy
2022-05-26 12:46:00,Player3,Wordle,341,3,2,asset,5.0,Easy
2022-05-26 16:22:00,Player2,Wordle,341,5,4,asset,5.0,Easy
2022-05-26 23:39:00,Player6,Wordle,341,4,3,asset,5.0,Easy
2022-05-27 07:30:00,Player1,Wordle,342,5,4,tiara,5.0,Easy
2022-05-27 07:31:00,Player2,Wordle,342,3,2,tiara,5.0,Easy
2022-05-27 10:31:00,Player3,Wordle,342,3,2,tiara,5.0,Easy
2022-05-27 10:33:00,Player4,Wordle,342,3,2,tiara,5.0,Easy
2022-05-27 12:44:00,Player6,Wordle,342,4,3,tiara,5.0,Easy
2022-05-28 06:48:00,Player1,Wordle,343,4,3,crept,9.0,Easy
2022-05-28 09:00:00,Player2,Wordle,343,4,3,crept,9.0,Easy
2022-05-28 14:46:00,Player3,Wordle,343,3,2,crept,9.0,Easy
2022-05-28 16:32:00,Player6,Wordle,343,4,3,crept,9.0,Easy
2022-05-28 17:11:00,Player4,Wordle,343,4,3,crept,9.0,Easy
2022-05-29 02:02:00,Player3,Wordle,344,3,2,bayou,10.0,Easy
2022-05-29 07:35:00,Player1,Wordle,344,5,4,bayou,10.0,Easy
2022-05-29 07:41:00,Player2,Wordle,344,4,3,bayou,10.0,Easy
2022-05-29 12:29:00,Player6,Wordle,344,4,3,bayou,10.0,Easy
2022-05-30 08:03:00,Player2,Wordle,345,4,3,atoll,5.0,Easy
2022-05-30 08:32:00,Player1,Wordle,345,2,1,atoll,5.0,Easy
2022-05-30 10:26:00,Player3,Wordle,345,2,1,atoll,5.0,Easy
2022-05-30 11:08:00,Player4,Wordle,345,3,2,atoll,5.0,Easy
2022-05-30 11:40:00,Player6,Wordle,345,4,3,atoll,5.0,Easy
2022-05-31 08:00:00,Player2,Wordle,346,5,4,manor,7.0,Easy
2022-05-31 08:07:00,Player1,Wordle,346,3,2,manor,7.0,Easy
2022-06-01 00:45:00,Player2,Wordle,347,5,4,creak,11.0,Easy
2022-06-01 06:39:00,Player4,Wordle,347,6,5,creak,11.0,Easy
2022-06-01 08:13:00,Player1,Wordle,347,3,2,creak,11.0,Easy
2022-06-01 13:15:00,Player3,Wordle,347,3,2,creak,11.0,Easy
2022-06-01 21:55:00,Player6,Wordle,347,4,3,creak,11.0,Easy
2022-06-02 06:24:00,Player4,Wordle,348,4,3,showy,14.0,Hard
2022-06-02 07:32:00,Player1,Wordle,348,4,3,showy,14.0,Hard
2022-06-02 07:45:00,Player2,Wordle,348,4,3,showy,14.0,Hard
2022-06-02 13:03:00,Player6,Wordle,348,4,3,showy,14.0,Hard
2022-06-02 13:41:00,Player3,Wordle,348,4,3,showy,14.0,Hard
2022-06-03 07:40:00,Player6,Wordle,349,4,3,phase,10.0,Easy
2022-06-03 07:41:00,Player4,Wordle,349,2,1,phase,10.0,Easy
2022-06-03 07:42:00,Player1,Wordle,349,3,2,phase,10.0,Easy
2022-06-03 08:58:00,Player2,Wordle,349,3,2,phase,10.0,Easy
2022-06-03 09:01:00,Player4,Wordle,348,4,3,showy,14.0,Hard
2022-06-03 22:14:00,Player5,Wordle,349,2,1,phase,10.0,Easy
2022-06-04 07:06:00,Player4,Wordle,350,5,4,froth,11.0,Easy
2022-06-04 07:21:00,Player1,Wordle,350,4,3,froth,11.0,Easy
2022-06-04 08:04:00,Player2,Wordle,350,4,3,froth,11.0,Easy
2022-06-04 12:48:00,Player6,Wordle,350,4,3,froth,11.0,Easy
2022-06-05 07:32:00,Player1,Wordle,351,4,3,depth,11.0,Easy
2022-06-05 08:04:00,Player2,Wordle,351,4,3,depth,11.0,Easy
2022-06-05 09:28:00,Player6,Wordle,351,4,3,depth,11.0,Easy
2022-06-05 10:53:00,Player3,Wordle,351,4,3,depth,11.0,Easy
2022-06-06 07:13:00,Player2,Wordle,352,3,2,gloom,8.0,Easy
2022-06-06 07:49:00,Player1,Wordle,352,4,3,gloom,8.0,Easy
2022-06-06 10:18:00,Player3,Wordle,352,4,3,gloom,8.0,Easy
2022-06-06 11:22:00,Player6,Wordle,352,4,3,gloom,8.0,Easy
2022-06-07 06:20:00,Player1,Wordle,353,5,4,flood,9.0,Easy
2022-06-07 07:30:00,Player2,Wordle,353,4,3,flood,9.0,Easy
2022-06-07 08:33:00,Player6,Wordle,353,5,4,flood,9.0,Easy
2022-06-07 09:59:00,Player3,Wordle,353,4,3,flood,9.0,Easy
2022-06-07 14:35:00,Player4,Wordle,353,4,3,flood,9.0,Easy
2022-06-08 08:25:00,Player6,Wordle,354,4,3,trait,5.0,Easy
2022-06-08 08:40:00,Player4,Wordle,354,4,3,trait,5.0,Easy
2022-06-08 09:05:00,Player3,Wordle,354,3,2,trait,5.0,Easy
2022-06-08 15:36:00,Player2,Wordle,354,5,4,trait,5.0,Easy
2022-06-08 21:34:00,Player1,Wordle,354,5,4,trait,5.0,Easy
2022-06-09 08:04:00,Player2,Wordle,355,3,2,girth,9.0,Easy
2022-06-09 08:29:00,Player1,Wordle,355,4,3,girth,9.0,Easy
2022-06-09 12:54:00,Player6,Wordle,355,3,2,girth,9.0,Easy
2022-06-09 12:57:00,Player3,Wordle,355,3,2,girth,9.0,Easy
2022-06-10 08:16:00,Player2,Wordle,356,3,2,piety,10.0,Easy
2022-06-10 08:28:00,Player3,Wordle,356,3,2,piety,10.0,Easy
2022-06-10 08:30:00,Player1,Wordle,356,4,3,piety,10.0,Easy
2022-06-10 15:33:00,Player6,Wordle,356,4,3,piety,10.0,Easy
2022-06-11 07:32:00,Player1,Wordle,357,6,5,goose,6.0,Easy
2022-06-11 07:35:00,Player2,Wordle,357,3,2,goose,6.0,Easy
2022-06-11 12:59:00,Player6,Wordle,357,4,3,goose,6.0,Easy
2022-06-11 14:54:00,Player3,Wordle,357,4,3,goose,6.0,Easy
2022-06-12 06:32:00,Player1,Wordle,358,4,3,float,8.0,Easy
2022-06-12 08:08:00,Player2,Wordle,358,5,4,float,8.0,Easy
2022-06-12 09:03:00,Player5,Wordle,358,4,3,float,8.0,Easy
2022-06-12 17:37:00,Player3,Wordle,358,3,2,float,8.0,Easy
2022-06-13 08:07:00,Player1,Wordle,359,3,2,donor,6.0,Easy
2022-06-13 09:16:00,Player2,Wordle,359,4,3,donor,6.0,Easy
2022-06-13 16:07:00,Player6,Wordle,359,5,4,donor,6.0,Easy
2022-06-13 23:18:00,Player5,Wordle,359,4,3,donor,6.0,Easy
2022-06-14 08:26:00,Player1,Wordle,360,2,1,atone,5.0,Easy
2022-06-14 09:09:00,Player2,Wordle,360,4,3,atone,5.0,Easy
2022-06-14 12:16:00,Player3,Wordle,360,2,1,atone,5.0,Easy
2022-06-15 09:15:00,Player1,Wordle,361,3,2,primo,9.0,Easy
2022-06-15 10:26:00,Player2,Wordle,361,5,4,primo,9.0,Easy
2022-06-15 16:28:00,Player5,Wordle,361,3,2,primo,9.0,Easy
2022-06-16 07:28:00,Player1,Wordle,362,4,3,apron,7.0,Easy
2022-06-16 08:11:00,Player2,Wordle,362,3,2,apron,7.0,Easy
2022-06-16 09:00:00,Player3,Wordle,362,4,3,apron,7.0,Easy
2022-06-16 18:04:00,Player6,Wordle,362,4,3,apron,7.0,Easy
2022-06-17 08:06:00,Player2,Wordle,363,4,3,blown,10.0,Easy
2022-06-17 09:04:00,Player1,Wordle,363,6,5,blown,10.0,Easy
2022-06-17 11:32:00,Player6,Wordle,363,5,4,blown,10.0,Easy
2022-06-18 08:33:00,Player1,Wordle,364,4,3,cacao,9.0,Easy
2022-06-18 14:25:00,Player6,Wordle,364,6,5,cacao,9.0,Easy
2022-06-19 01:00:00,Player3,Wordle,364,4,3,cacao,9.0,Easy
2022-06-19 01:02:00,Player3,Wordle,365,3,2,loser,5.0,Easy
2022-06-19 08:31:00,Player2,Wordle,365,6,6,loser,5.0,Easy
2022-06-19 08:43:00,Player1,Wordle,365,3,2,loser,5.0,Easy
2022-06-19 17:33:00,Player4,Wordle,365,2,1,loser,5.0,Easy
2022-06-19 23:35:00,Player6,Wordle,365,3,2,loser,5.0,Easy
2022-06-20 08:43:00,Player1,Wordle,366,4,3,input,7.0,Easy
2022-06-20 12:25:00,Player2,Wordle,366,4,3,input,7.0,Easy
2022-06-20 20:10:00,Player6,Wordle,366,3,2,input,7.0,Easy
2022-06-21 08:36:00,Player1,Wordle,367,5,4,gloat,6.0,Easy
2022-06-21 08:44:00,Player4,Wordle,367,3,2,gloat,6.0,Easy
2022-06-21 08:48:00,Player2,Wordle,367,4,3,gloat,6.0,Easy
2022-06-21 09:26:00,Player6,Wordle,367,3,2,gloat,6.0,Easy
2022-06-21 11:12:00,Player3,Wordle,367,3,2,gloat,6.0,Easy
2022-06-22 01:27:00,Player6,Wordle,368,2,1,awful,11.0,Easy
2022-06-22 08:10:00,Player2,Wordle,368,5,4,awful,11.0,Easy
2022-06-22 08:59:00,Player1,Wordle,368,3,2,awful,11.0,Easy
2022-06-22 11:43:00,Player3,Wordle,368,3,2,awful,11.0,Easy
2022-06-23 08:05:00,Player2,Wordle,369,2,1,brink,11.0,Easy
2022-06-23 08:46:00,Player1,Wordle,369,4,3,brink,11.0,Easy
2022-06-23 11:16:00,Player4,Wordle,369,5,4,brink,11.0,Easy
2022-06-23 11:16:00,Player3,Wordle,369,4,3,brink,11.0,Easy
2022-06-23 21:31:00,Player6,Wordle,369,5,4,brink,11.0,Easy
2022-06-24 07:10:00,Player1,Wordle,370,5,4,smite,7.0,Easy
2022-06-24 07:21:00,Player4,Wordle,370,5,4,smite,7.0,Easy
2022-06-24 08:29:00,Player2,Wordle,370,4,3,smite,7.0,Easy
2022-06-24 09:59:00,Player6,Wordle,370,5,4,smite,7.0,Easy
2022-06-25 09:42:00,Player1,Wordle,371,4,3,beady,11.0,Easy
2022-06-25 09:44:00,Player2,Wordle,371,5,4,beady,11.0,Easy
2022-06-25 10:34:00,Player3,Wordle,371,3,2,beady,11.0,Easy
2022-06-25 15:42:00,Player6,Wordle,371,5,4,beady,11.0,Easy
2022-06-26 07:44:00,Player2,Wordle,372,4,3,rusty,8.0,Easy
2022-06-26 10:12:00,Player1,Wordle,372,6,5,rusty,8.0,Easy
2022-06-27 06:08:00,Player1,Wordle,373,4,3,retro,5.0,Easy
2022-06-27 08:38:00,Player2,Wordle,373,4,3,retro,5.0,Easy
2022-06-27 08:53:00,Player4,Wordle,373,3,2,retro,5.0,Easy
2022-06-27 20:28:00,Player6,Wordle,373,3,2,retro,5.0,Easy
2022-06-27 21:07:00,Player3,Wordle,373,3,2,retro,5.0,Easy
2022-06-28 06:29:00,Player1,Wordle,374,4,3,droll,6.0,Easy
2022-06-28 06:37:00,Player4,Wordle,374,4,3,droll,6.0,Easy
2022-06-28 08:28:00,Player2,Wordle,374,6,5,droll,6.0,Easy
2022-06-28 14:38:00,Player3,Wordle,374,4,3,droll,6.0,Easy
2022-06-29 03:44:00,Player3,Wordle,375,4,3,gawky,16.0,Hard
2022-06-29 06:59:00,Player1,Wordle,375,5,4,gawky,16.0,Hard
2022-06-29 07:49:00,Player2,Wordle,375,3,2,gawky,16.0,Hard
2022-06-29 11:14:00,Player6,Wordle,375,4,3,gawky,16.0,Hard
2022-06-30 07:48:00,Player2,Wordle,376,6,5,hutch,13.0,Hard
2022-06-30 09:48:00,Player1,Wordle,376,4,3,hutch,13.0,Hard
2022-06-30 23:36:00,Player6,Wordle,376,5,4,hutch,13.0,Hard
2022-07-01 00:34:00,Player6,Wordle,377,4,3,pinto,7.0,Easy
2022-07-01 08:42:00,Player2,Wordle,377,4,3,pinto,7.0,Easy
2022-07-01 09:32:00,Player1,Wordle,377,3,2,pinto,7.0,Easy
2022-07-02 07:53:00,Player2,Wordle,378,4,3,egret,6.0,Easy
2022-07-02 08:00:00,Player1,Wordle,378,4,3,egret,6.0,Easy
2022-07-02 10:16:00,Player3,Wordle,378,5,4,egret,6.0,Easy
2022-07-03 07:18:00,Player1,Wordle,379,3,2,lilac,7.0,Easy
2022-07-03 07:45:00,Player2,Wordle,379,4,3,lilac,7.0,Easy
2022-07-04 07:45:00,Player2,Wordle,380,4,3,sever,8.0,Easy
2022-07-04 07:49:00,Player4,Wordle,380,3,2,sever,8.0,Easy
2022-07-04 09:32:00,Player1,Wordle,380,4,3,sever,8.0,Easy
2022-07-05 08:26:00,Player1,Wordle,381,5,4,field,9.0,Easy
2022-07-05 12:18:00,Player4,Wordle,381,3,2,field,9.0,Easy
2022-07-05 16:32:00,Player3,Wordle,381,4,3,field,9.0,Easy
2022-07-05 16:34:00,Player2,Wordle,381,4,3,field,9.0,Easy
2022-07-05 19:57:00,Player6,Wordle,381,4,3,field,9.0,Easy
2022-07-06 07:15:00,Player2,Wordle,382,5,4,fluff,14.0,Hard
2022-07-06 07:31:00,Player1,Wordle,382,5,4,fluff,14.0,Hard
2022-07-06 10:14:00,Player6,Wordle,382,6,5,fluff,14.0,Hard
2022-07-06 11:14:00,Player3,Wordle,382,5,4,fluff,14.0,Hard
2022-07-07 10:36:00,Player3,Wordle,383,3,2,agape,8.0,Easy
2022-07-07 11:09:00,Player1,Wordle,383,4,3,agape,8.0,Easy
2022-07-07 13:17:00,Player4,Wordle,383,4,3,agape,8.0,Easy
2022-07-07 13:23:00,Player2,Wordle,383,4,3,agape,8.0,Easy
2022-07-07 19:38:00,Player6,Wordle,383,3,2,agape,8.0,Easy
2022-07-08 09:28:00,Player2,Wordle,384,3,2,voice,10.0,Easy
2022-07-08 10:10:00,Player1,Wordle,384,4,3,voice,10.0,Easy
2022-07-08 10:36:00,Player3,Wordle,384,3,2,voice,10.0,Easy
2022-07-08 14:37:00,Player6,Wordle,384,4,3,voice,10.0,Easy
2022-07-09 08:10:00,Player2,Wordle,385,6,6,stead,6.0,Easy
2022-07-09 08:29:00,Player1,Wordle,385,2,1,stead,6.0,Easy
2022-07-09 12:46:00,Player3,Wordle,385,3,2,stead,6.0,Easy
2022-07-09 13:46:00,Player4,Wordle,385,3,2,stead,6.0,Easy
2022-07-10 08:02:00,Player2,Wordle,386,3,2,berth,10.0,Easy
2022-07-10 09:38:00,Player1,Wordle,386,5,4,berth,10.0,Easy
2022-07-10 15:10:00,Player5,Wordle,386,6,5,berth,10.0,Easy
2022-07-11 14:12:00,Player1,Wordle,387,4,3,madam,10.0,Easy
2022-07-11 14:44:00,Player5,Wordle,387,6,6,madam,10.0,Easy
2022-07-11 16:54:00,Player4,Wordle,387,4,3,madam,10.0,Easy
2022-07-12 03:10:00,Player6,Wordle,388,5,4,night,9.0,Easy
2022-07-12 07:49:00,Player4,Wordle,388,3,2,night,9.0,Easy
2022-07-12 07:58:00,Player1,Wordle,388,5,4,night,9.0,Easy
2022-07-12 08:24:00,Player3,Wordle,388,3,2,night,9.0,Easy
2022-07-12 08:26:00,Player2,Wordle,388,3,2,night,9.0,Easy
2022-07-13 08:44:00,Player2,Wordle,389,4,3,bland,8.0,Easy
2022-07-13 08:48:00,Player4,Wordle,389,5,4,bland,8.0,Easy
2022-07-13 09:46:00,Player5,Wordle,389,5,4,bland,8.0,Easy
2022-07-13 11:18:00,Player3,Wordle,389,3,2,bland,8.0,Easy
2022-07-13 15:41:00,Player1,Wordle,389,6,5,bland,8.0,Easy
2022-07-14 08:10:00,Player1,Wordle,390,5,4,liver,8.0,Easy
2022-07-14 08:13:00,Player4,Wordle,390,6,5,liver,8.0,Easy
2022-07-14 08:26:00,Player6,Wordle,390,5,4,liver,8.0,Easy
2022-07-14 09:10:00,Player2,Wordle,390,4,3,liver,8.0,Easy
2022-07-14 09:40:00,Player3,Wordle,390,5,4,liver,8.0,Easy
2022-07-15 08:46:00,Player4,Wordle,391,4,3,wedge,10.0,Easy
2022-07-15 09:23:00,Player1,Wordle,391,5,4,wedge,10.0,Easy
2022-07-15 14:07:00,Player3,Wordle,391,5,4,wedge,10.0,Easy
2022-07-15 15:15:00,Player6,Wordle,391,5,4,wedge,10.0,Easy
2022-07-16 02:31:00,Player6,Wordle,392,3,2,roomy,10.0,Easy
2022-07-16 10:13:00,Player4,Wordle,392,5,4,roomy,10.0,Easy
2022-07-16 10:57:00,Player5,Wordle,392,5,4,roomy,10.0,Easy
2022-07-16 11:16:00,Player3,Wordle,392,4,3,roomy,10.0,Easy
2022-07-16 20:54:00,Player1,Wordle,392,3,2,roomy,10.0,Easy
2022-07-17 09:45:00,Player2,Wordle,393,5,4,wacky,17.0,Hard
2022-07-17 10:02:00,Player4,Wordle,393,3,2,wacky,17.0,Hard
2022-07-17 10:25:00,Player1,Wordle,393,4,3,wacky,17.0,Hard
2022-07-17 11:19:00,Player3,Wordle,393,4,3,wacky,17.0,Hard
2022-07-17 21:41:00,Player5,Wordle,393,5,4,wacky,17.0,Hard
2022-07-18 06:31:00,Player4,Wordle,394,3,2,flock,14.0,Hard
2022-07-18 08:12:00,Player2,Wordle,394,3,2,flock,14.0,Hard
2022-07-18 09:42:00,Player1,Wordle,394,4,3,flock,14.0,Hard
2022-07-18 13:49:00,Player3,Wordle,394,4,3,flock,14.0,Hard
2022-07-18 18:03:00,Player6,Wordle,394,4,3,flock,14.0,Hard
2022-07-19 08:50:00,Player1,Wordle,395,4,3,angry,9.0,Easy
2022-07-19 09:54:00,Player2,Wordle,395,4,3,angry,9.0,Easy
2022-07-19 11:13:00,Player6,Wordle,395,4,3,angry,9.0,Easy
2022-07-19 20:13:00,Player4,Wordle,395,2,1,angry,9.0,Easy
2022-07-20 06:36:00,Player4,Wordle,396,6,5,trite,5.0,Easy
2022-07-20 08:16:00,Player1,Wordle,396,4,3,trite,5.0,Easy
2022-07-20 08:51:00,Player2,Wordle,396,6,6,trite,5.0,Easy
2022-07-20 09:20:00,Player6,Wordle,396,6,5,trite,5.0,Easy
2022-07-20 10:39:00,Player3,Wordle,396,3,2,trite,5.0,Easy
2022-07-21 06:59:00,Player1,Wordle,397,3,2,aphid,11.0,Easy
2022-07-21 09:28:00,Player3,Wordle,397,4,3,aphid,11.0,Easy
2022-07-21 12:19:00,Player2,Wordle,397,4,3,aphid,11.0,Easy
2022-07-21 12:24:00,Player5,Wordle,397,4,3,aphid,11.0,Easy
2022-07-21 16:44:00,Player4,Wordle,397,3,2,aphid,11.0,Easy
2022-07-21 17:22:00,Player6,Wordle,397,6,5,aphid,11.0,Easy
2022-07-22 07:03:00,Player4,Wordle,398,5,4,power,10.0,Easy
2022-07-22 07:03:00,Player4,Wordle,398,5,4,tryst,8.0,Easy
2022-07-22 08:48:00,Player1,Wordle,398,3,2,power,10.0,Easy
2022-07-22 08:48:00,Player1,Wordle,398,3,2,tryst,8.0,Easy
2022-07-22 09:18:00,Player2,Wordle,398,3,2,power,10.0,Easy
2022-07-22 09:18:00,Player2,Wordle,398,3,2,tryst,8.0,Easy
2022-07-22 10:34:00,Player6,Wordle,398,4,3,power,10.0,Easy
2022-07-22 10:34:00,Player6,Wordle,398,4,3,tryst,8.0,Easy
2022-07-23 06:30:00,Player1,Wordle,399,5,4,midge,9.0,Easy
2022-07-23 06:47:00,Player4,Wordle,399,4,3,midge,9.0,Easy
2022-07-23 07:58:00,Player2,Wordle,399,3,2,midge,9.0,Easy
2022-07-23 10:55:00,Player3,Wordle,399,4,3,midge,9.0,Easy
2022-07-23 14:55:00,Player5,Wordle,399,5,4,midge,9.0,Easy
2022-07-23 17:25:00,Player6,Wordle,399,6,5,midge,9.0,Easy
2022-07-24 05:29:00,Player1,Wordle,400,4,3,,,
2022-07-24 05:40:00,Player4,Wordle,400,5,4,,,
2022-07-24 08:51:00,Player2,Wordle,400,3,2,,,
2022-07-24 11:45:00,Player5,Wordle,400,3,2,,,
2022-07-24 11:55:00,Player6,Wordle,400,3,2,,,
2022-07-24 14:46:00,Player3,Wordle,400,5,4,,,
2022-07-25 05:28:00,Player4,Wordle,401,3,2,elope,7.0,Easy
2022-07-25 05:32:00,Player1,Wordle,401,5,4,elope,7.0,Easy
2022-07-25 07:59:00,Player5,Wordle,401,4,3,elope,7.0,Easy
2022-07-25 08:33:00,Player2,Wordle,401,5,4,elope,7.0,Easy
2022-07-25 19:44:00,Player6,Wordle,401,5,4,elope,7.0,Easy
2022-07-25 20:43:00,Player3,Wordle,401,3,2,elope,7.0,Easy
2022-07-26 01:48:00,Player6,Wordle,402,4,3,cinch,12.0,Hard
2022-07-26 06:27:00,Player4,Wordle,402,4,3,cinch,12.0,Hard
2022-07-26 08:30:00,Player2,Wordle,402,3,2,cinch,12.0,Hard
2022-07-26 10:08:00,Player5,Wordle,402,4,3,cinch,12.0,Hard
2022-07-26 12:43:00,Player3,Wordle,402,3,2,cinch,12.0,Hard
2022-07-27 02:47:00,Player6,Wordle,403,5,4,motto,7.0,Easy
2022-07-27 09:41:00,Player3,Wordle,403,3,2,motto,7.0,Easy
2022-07-27 10:11:00,Player2,Wordle,403,6,5,motto,7.0,Easy
2022-07-27 11:01:00,Player4,Wordle,403,6,6,motto,7.0,Easy
2022-07-27 14:08:00,Player1,Wordle,403,4,3,motto,7.0,Easy
2022-07-28 02:09:00,Player6,Wordle,404,4,3,stomp,9.0,Easy
2022-07-28 06:08:00,Player4,Wordle,404,5,4,stomp,9.0,Easy
2022-07-28 06:11:00,Player1,Wordle,404,5,4,stomp,9.0,Easy
2022-07-28 07:56:00,Player5,Wordle,404,3,2,stomp,9.0,Easy
2022-07-28 08:39:00,Player2,Wordle,404,4,3,stomp,9.0,Easy
2022-07-28 11:13:00,Player3,Wordle,404,4,3,stomp,9.0,Easy
2022-07-29 05:25:00,Player1,Wordle,405,4,3,upset,7.0,Easy
2022-07-29 07:36:00,Player2,Wordle,405,4,3,upset,7.0,Easy
2022-07-29 07:47:00,Player5,Wordle,405,6,5,upset,7.0,Easy
2022-07-29 19:08:00,Player6,Wordle,405,4,3,upset,7.0,Easy
2022-07-29 21:22:00,Player4,Wordle,405,4,3,upset,7.0,Easy
2022-07-30 00:49:00,Player6,Wordle,406,4,3,bluff,13.0,Hard
2022-07-30 06:21:00,Player1,Wordle,406,4,3,bluff,13.0,Hard
2022-07-30 06:36:00,Player4,Wordle,406,3,2,bluff,13.0,Hard
2022-07-30 09:32:00,Player2,Wordle,406,4,3,bluff,13.0,Hard
2022-07-30 09:40:00,Player5,Wordle,406,4,3,bluff,13.0,Hard
2022-07-30 14:59:00,Player3,Wordle,406,3,2,bluff,13.0,Hard
2022-07-31 06:51:00,Player4,Wordle,407,4,3,cramp,11.0,Easy
2022-07-31 07:16:00,Player1,Wordle,407,3,2,cramp,11.0,Easy
2022-07-31 07:37:00,Player2,Wordle,407,1,0,cramp,11.0,Easy
2022-07-31 09:02:00,Player3,Wordle,407,3,2,cramp,11.0,Easy
2022-07-31 10:35:00,Player5,Wordle,407,3,2,cramp,11.0,Easy
2022-07-31 10:59:00,Player6,Wordle,407,5,4,cramp,11.0,Easy
2022-08-01 06:27:00,Player1,Wordle,408,5,4,quart,14.0,Hard
2022-08-01 08:47:00,Player2,Wordle,408,4,3,quart,14.0,Hard
2022-08-01 09:47:00,Player3,Wordle,408,3,2,quart,14.0,Hard
2022-08-01 11:09:00,Player5,Wordle,408,5,4,quart,14.0,Hard
2022-08-01 11:38:00,Player6,Wordle,408,5,4,quart,14.0,Hard
2022-08-01 21:19:00,Player4,Wordle,408,5,4,quart,14.0,Hard
2022-08-02 06:24:00,Player4,Wordle,409,6,6,coyly,13.0,Hard
2022-08-02 06:32:00,Player1,Wordle,409,5,4,coyly,13.0,Hard
2022-08-02 08:07:00,Player2,Wordle,409,6,6,coyly,13.0,Hard
2022-08-02 08:09:00,Player6,Wordle,409,6,5,coyly,13.0,Hard
2022-08-02 10:02:00,Player5,Wordle,409,5,4,coyly,13.0,Hard
2022-08-02 10:50:00,Player3,Wordle,409,4,3,coyly,13.0,Hard
2022-08-03 07:36:00,Player4,Wordle,410,5,4,youth,11.0,Easy
2022-08-03 07:43:00,Player1,Wordle,410,6,5,youth,11.0,Easy
2022-08-03 08:04:00,Player2,Wordle,410,4,3,youth,11.0,Easy
2022-08-03 08:20:00,Player6,Wordle,410,6,5,youth,11.0,Easy
2022-08-03 08:56:00,Player5,Wordle,410,4,3,youth,11.0,Easy
2022-08-03 11:59:00,Player3,Wordle,410,3,2,youth,11.0,Easy
2022-08-04 08:11:00,Player6,Wordle,411,5,4,rhyme,13.0,Hard
2022-08-04 09:22:00,Player1,Wordle,411,4,3,rhyme,13.0,Hard
2022-08-04 09:23:00,Player4,Wordle,411,5,4,rhyme,13.0,Hard
2022-08-04 10:36:00,Player5,Wordle,411,5,4,rhyme,13.0,Hard
2022-08-04 11:14:00,Player3,Wordle,411,4,3,rhyme,13.0,Hard
2022-08-05 06:22:00,Player4,Wordle,412,5,4,buggy,12.0,Hard
2022-08-05 07:26:00,Player6,Wordle,412,4,3,buggy,12.0,Hard
2022-08-05 07:53:00,Player5,Wordle,412,5,4,buggy,12.0,Hard
2022-08-05 08:34:00,Player2,Wordle,412,6,5,buggy,12.0,Hard
2022-08-05 08:35:00,Player1,Wordle,412,5,4,buggy,12.0,Hard
2022-08-05 11:00:00,Player3,Wordle,412,5,4,buggy,12.0,Hard
2022-08-06 06:41:00,Player1,Wordle,413,3,2,alien,5.0,Easy
2022-08-06 10:06:00,Player2,Wordle,413,5,4,alien,5.0,Easy
2022-08-06 10:21:00,Player4,Wordle,413,3,2,alien,5.0,Easy
2022-08-06 10:55:00,Player6,Wordle,413,4,3,alien,5.0,Easy
2022-08-06 12:53:00,Player3,Wordle,413,2,1,alien,5.0,Easy
2022-08-06 21:28:00,Player5,Wordle,413,3,2,alien,5.0,Easy
2022-08-07 07:14:00,Player4,Wordle,414,5,4,smear,7.0,Easy
2022-08-07 07:29:00,Player1,Wordle,414,6,5,smear,7.0,Easy
2022-08-07 09:13:00,Player2,Wordle,414,6,6,smear,7.0,Easy
2022-08-07 10:19:00,Player3,Wordle,414,5,4,smear,7.0,Easy
2022-08-07 15:12:00,Player6,Wordle,414,5,4,smear,7.0,Easy
2022-08-08 06:36:00,Player4,Wordle,415,3,2,unfit,8.0,Easy
2022-08-08 08:35:00,Player1,Wordle,415,3,2,unfit,8.0,Easy
2022-08-08 08:40:00,Player2,Wordle,415,3,2,unfit,8.0,Easy
2022-08-08 11:26:00,Player6,Wordle,415,6,5,unfit,8.0,Easy
2022-08-08 12:47:00,Player3,Wordle,415,3,2,unfit,8.0,Easy
2022-08-08 21:13:00,Player5,Wordle,415,3,2,unfit,8.0,Easy
2022-08-09 02:05:00,Player3,Wordle,416,3,2,patty,10.0,Easy
2022-08-09 06:07:00,Player1,Wordle,416,6,5,patty,10.0,Easy
2022-08-09 06:16:00,Player4,Wordle,416,5,4,patty,10.0,Easy
2022-08-09 07:15:00,Player5,Wordle,416,5,4,patty,10.0,Easy
2022-08-09 08:01:00,Player2,Wordle,416,3,2,patty,10.0,Easy
2022-08-09 09:23:00,Player6,Wordle,416,6,5,patty,10.0,Easy
2022-08-10 06:06:00,Player4,Wordle,417,3,2,cling,8.0,Easy
2022-08-10 06:09:00,Player1,Wordle,417,3,2,cling,8.0,Easy
2022-08-10 07:32:00,Player2,Wordle,417,2,1,cling,8.0,Easy
2022-08-10 07:48:00,Player5,Wordle,417,4,3,cling,8.0,Easy
2022-08-10 08:37:00,Player6,Wordle,417,4,3,cling,8.0,Easy
2022-08-10 11:11:00,Player3,Wordle,417,4,3,cling,8.0,Easy
2022-08-11 06:05:00,Player4,Wordle,418,4,3,glean,6.0,Easy
2022-08-11 06:20:00,Player1,Wordle,418,3,2,glean,6.0,Easy
2022-08-11 08:07:00,Player2,Wordle,418,3,2,glean,6.0,Easy
2022-08-11 09:16:00,Player5,Wordle,418,6,5,glean,6.0,Easy
2022-08-11 10:18:00,Player3,Wordle,418,3,2,glean,6.0,Easy
2022-08-11 10:22:00,Player6,Wordle,418,5,4,glean,6.0,Easy
2022-08-12 08:02:00,Player2,Wordle,419,5,4,label,7.0,Easy
2022-08-12 08:26:00,Player1,Wordle,419,5,4,label,7.0,Easy
2022-08-12 08:35:00,Player4,Wordle,419,5,4,label,7.0,Easy
2022-08-12 10:16:00,Player6,Wordle,419,4,3,label,7.0,Easy
2022-08-12 10:42:00,Player3,Wordle,419,4,3,label,7.0,Easy
2022-08-12 11:21:00,Player5,Wordle,419,6,5,label,7.0,Easy
2022-08-13 07:48:00,Player4,Wordle,420,5,4,hunky,15.0,Hard
2022-08-13 07:48:00,Player4,Wordle,420,5,4,khaki,16.0,Hard
2022-08-13 07:57:00,Player2,Wordle,420,4,3,hunky,15.0,Hard
2022-08-13 07:57:00,Player2,Wordle,420,4,3,khaki,16.0,Hard
2022-08-13 09:53:00,Player1,Wordle,420,6,5,hunky,15.0,Hard
2022-08-13 09:53:00,Player1,Wordle,420,6,5,khaki,16.0,Hard
2022-08-13 10:55:00,Player6,Wordle,420,5,4,hunky,15.0,Hard
2022-08-13 10:55:00,Player6,Wordle,420,5,4,khaki,16.0,Hard
2022-08-14 06:46:00,Player4,Wordle,421,4,3,,,
2022-08-14 08:27:00,Player2,Wordle,421,5,4,,,
2022-08-14 10:40:00,Player6,Wordle,421,3,2,,,
2022-08-14 11:51:00,Player1,Wordle,421,4,3,,,
2022-08-14 23:07:00,Player5,Wordle,421,4,3,,,
2022-08-15 06:09:00,Player4,Wordle,422,4,3,poker,11.0,Easy
2022-08-15 07:50:00,Player1,Wordle,422,3,2,poker,11.0,Easy
2022-08-15 08:08:00,Player2,Wordle,422,4,3,poker,11.0,Easy
2022-08-15 09:11:00,Player6,Wordle,422,4,3,poker,11.0,Easy
2022-08-15 10:24:00,Player5,Wordle,422,3,2,poker,11.0,Easy
2022-08-16 06:42:00,Player4,Wordle,423,4,3,gruel,6.0,Easy
2022-08-16 06:51:00,Player1,Wordle,423,5,4,gruel,6.0,Easy
2022-08-16 07:34:00,Player6,Wordle,423,5,4,gruel,6.0,Easy
2022-08-16 07:52:00,Player5,Wordle,423,5,4,gruel,6.0,Easy
2022-08-16 12:05:00,Player2,Wordle,423,4,3,gruel,6.0,Easy
2022-08-17 08:07:00,Player6,Wordle,424,2,1,twice,10.0,Easy
2022-08-17 08:31:00,Player2,Wordle,424,4,3,twice,10.0,Easy
2022-08-17 09:36:00,Player1,Wordle,424,4,3,twice,10.0,Easy
2022-08-17 10:39:00,Player3,Wordle,424,4,3,twice,10.0,Easy
2022-08-17 10:40:00,Player4,Wordle,424,4,3,twice,10.0,Easy
2022-08-17 16:07:00,Player5,Wordle,424,4,3,twice,10.0,Easy
2022-08-18 03:09:00,Player3,Wordle,425,3,2,twang,9.0,Easy
2022-08-18 06:04:00,Player4,Wordle,425,3,2,twang,9.0,Easy
2022-08-18 08:00:00,Player2,Wordle,425,4,3,twang,9.0,Easy
2022-08-18 08:37:00,Player6,Wordle,425,4,3,twang,9.0,Easy
2022-08-18 08:41:00,Player1,Wordle,425,4,3,twang,9.0,Easy
2022-08-18 08:41:00,Player5,Wordle,425,3,2,twang,9.0,Easy
2022-08-19 07:10:00,Player3,Wordle,426,5,4,shrug,9.0,Easy
2022-08-19 07:21:00,Player1,Wordle,426,4,3,shrug,9.0,Easy
2022-08-19 08:58:00,Player2,Wordle,426,5,4,shrug,9.0,Easy
2022-08-19 11:41:00,Player5,Wordle,426,4,3,shrug,9.0,Easy
2022-08-20 10:07:00,Player2,Wordle,427,5,4,treat,5.0,Easy
2022-08-20 11:03:00,Player6,Wordle,427,3,2,treat,5.0,Easy
2022-08-20 11:09:00,Player3,Wordle,427,3,2,treat,5.0,Easy
2022-08-20 11:26:00,Player5,Wordle,427,4,3,treat,5.0,Easy
2022-08-21 06:49:00,Player4,Wordle,428,5,4,waste,8.0,Easy
2022-08-21 07:13:00,Player1,Wordle,428,3,2,waste,8.0,Easy
2022-08-21 08:12:00,Player2,Wordle,428,3,2,waste,8.0,Easy
2022-08-21 08:42:00,Player5,Wordle,428,5,4,waste,8.0,Easy
2022-08-21 11:46:00,Player6,Wordle,428,6,5,waste,8.0,Easy
2022-08-22 02:13:00,Player3,Wordle,429,4,3,merit,7.0,Easy
2022-08-22 07:24:00,Player2,Wordle,429,4,3,merit,7.0,Easy
2022-08-22 08:19:00,Player1,Wordle,429,4,3,merit,7.0,Easy
2022-08-22 10:14:00,Player5,Wordle,429,4,3,merit,7.0,Easy
2022-08-22 17:47:00,Player6,Wordle,429,4,3,merit,7.0,Easy
2022-08-23 08:44:00,Player1,Wordle,430,5,4,woven,11.0,Easy
2022-08-23 09:06:00,Player2,Wordle,430,5,4,woven,11.0,Easy
2022-08-23 11:12:00,Player4,Wordle,430,4,3,woven,11.0,Easy
2022-08-23 11:44:00,Player5,Wordle,430,3,2,woven,11.0,Easy
2022-08-23 13:36:00,Player6,Wordle,430,4,3,woven,11.0,Easy
2022-08-24 07:01:00,Player1,Wordle,431,4,3,needy,9.0,Easy
2022-08-24 09:27:00,Player6,Wordle,431,4,3,needy,9.0,Easy
2022-08-24 15:21:00,Player2,Wordle,431,5,4,needy,9.0,Easy
2022-08-24 17:27:00,Player5,Wordle,431,5,4,needy,9.0,Easy
2022-08-25 08:44:00,Player6,Wordle,432,5,4,clown,10.0,Easy
2022-08-25 08:46:00,Player2,Wordle,432,2,1,clown,10.0,Easy
2022-08-25 08:51:00,Player1,Wordle,432,3,2,clown,10.0,Easy
2022-08-25 09:15:00,Player4,Wordle,432,3,2,clown,10.0,Easy
2022-08-25 09:32:00,Player5,Wordle,432,3,2,clown,10.0,Easy
2022-08-25 11:00:00,Player3,Wordle,432,3,2,clown,10.0,Easy
2022-08-26 08:09:00,Player2,Wordle,433,5,4,irony,8.0,Easy
2022-08-26 08:21:00,Player1,Wordle,433,3,2,irony,8.0,Easy
2022-08-26 08:58:00,Player6,Wordle,433,3,2,irony,8.0,Easy
2022-08-26 19:00:00,Player5,Wordle,433,5,4,irony,8.0,Easy
2022-08-27 10:28:00,Player2,Wordle,434,4,3,ruder,6.0,Easy
2022-08-27 11:52:00,Player5,Wordle,434,6,5,ruder,6.0,Easy
2022-08-27 11:58:00,Player6,Wordle,434,6,6,ruder,6.0,Easy
2022-08-27 13:23:00,Player1,Wordle,434,4,3,ruder,6.0,Easy
2022-08-27 13:41:00,Player3,Wordle,434,4,3,ruder,6.0,Easy
2022-08-27 15:26:00,Player4,Wordle,434,4,3,ruder,6.0,Easy
2022-08-28 00:13:00,Player4,Wordle,435,5,4,gauze,15.0,Hard
2022-08-28 03:27:00,Player3,Wordle,435,5,4,gauze,15.0,Hard
2022-08-28 06:37:00,Player1,Wordle,435,4,3,gauze,15.0,Hard
2022-08-28 08:57:00,Player2,Wordle,435,5,4,gauze,15.0,Hard
2022-08-28 14:53:00,Player6,Wordle,435,6,6,gauze,15.0,Hard
2022-08-28 15:18:00,Player5,Wordle,435,4,3,gauze,15.0,Hard
2022-08-29 08:18:00,Player1,Wordle,436,4,3,chief,13.0,Hard
2022-08-29 09:00:00,Player6,Wordle,436,4,3,chief,13.0,Hard
2022-08-29 09:03:00,Player4,Wordle,436,3,2,chief,13.0,Hard
2022-08-29 09:16:00,Player2,Wordle,436,4,3,chief,13.0,Hard
2022-08-29 12:10:00,Player5,Wordle,436,5,4,chief,13.0,Hard
2022-08-29 12:20:00,Player3,Wordle,436,3,2,chief,13.0,Hard
2022-08-30 09:50:00,Player1,Wordle,437,3,2,onset,5.0,Easy
2022-08-30 10:55:00,Player3,Wordle,437,4,3,onset,5.0,Easy
2022-08-30 10:59:00,Player4,Wordle,437,5,4,onset,5.0,Easy
2022-08-30 11:51:00,Player2,Wordle,437,5,4,onset,5.0,Easy
2022-08-30 12:06:00,Player5,Wordle,437,4,3,onset,5.0,Easy
2022-08-30 13:02:00,Player6,Wordle,437,4,3,onset,5.0,Easy
2022-08-31 00:38:00,Player4,Wordle,438,6,6,prize,16.0,Hard
2022-08-31 05:44:00,Player1,Wordle,438,5,4,prize,16.0,Hard
2022-08-31 07:27:00,Player5,Wordle,438,6,5,prize,16.0,Hard
2022-08-31 09:14:00,Player6,Wordle,438,6,5,prize,16.0,Hard
2022-08-31 09:14:00,Player2,Wordle,438,6,5,prize,16.0,Hard
2022-09-01 06:44:00,Player5,Wordle,439,4,3,fungi,9.0,Easy
2022-09-01 08:27:00,Player1,Wordle,439,4,3,fungi,9.0,Easy
2022-09-01 08:39:00,Player2,Wordle,439,4,3,fungi,9.0,Easy
2022-09-01 09:56:00,Player6,Wordle,439,5,4,fungi,9.0,Easy
2022-09-01 21:15:00,Player4,Wordle,439,4,3,fungi,9.0,Easy
2022-09-02 09:58:00,Player2,Wordle,440,4,3,charm,12.0,Hard
2022-09-02 10:08:00,Player6,Wordle,440,4,3,charm,12.0,Hard
2022-09-02 10:17:00,Player3,Wordle,440,3,2,charm,12.0,Hard
2022-09-02 10:31:00,Player1,Wordle,440,4,3,charm,12.0,Hard
2022-09-02 10:50:00,Player5,Wordle,440,4,3,charm,12.0,Hard
2022-09-03 08:46:00,Player2,Wordle,441,4,3,gully,9.0,Easy
2022-09-03 13:34:00,Player1,Wordle,441,4,3,gully,9.0,Easy
2022-09-03 14:50:00,Player5,Wordle,441,4,3,gully,9.0,Easy
2022-09-03 14:50:00,Player6,Wordle,441,4,3,gully,9.0,Easy
2022-09-03 14:55:00,Player4,Wordle,441,5,4,gully,9.0,Easy
2022-09-04 00:27:00,Player4,Wordle,442,5,4,inter,5.0,Easy
2022-09-04 02:17:00,Player3,Wordle,442,4,3,inter,5.0,Easy
2022-09-04 02:40:00,Player5,Wordle,442,5,4,inter,5.0,Easy
2022-09-04 12:03:00,Player6,Wordle,442,4,3,inter,5.0,Easy
2022-09-04 13:00:00,Player2,Wordle,442,4,3,inter,5.0,Easy
2022-09-05 02:35:00,Player3,Wordle,443,4,3,whoop,13.0,Hard
2022-09-05 07:21:00,Player1,Wordle,443,4,3,whoop,13.0,Hard
2022-09-05 07:22:00,Player4,Wordle,443,5,4,whoop,13.0,Hard
2022-09-05 08:03:00,Player2,Wordle,443,5,4,whoop,13.0,Hard
2022-09-05 09:13:00,Player5,Wordle,443,4,3,whoop,13.0,Hard
2022-09-05 10:01:00,Player6,Wordle,443,4,3,whoop,13.0,Hard
2022-09-06 05:11:00,Player4,Wordle,444,6,6,taunt,5.0,Easy
2022-09-06 08:30:00,Player2,Wordle,444,4,3,taunt,5.0,Easy
2022-09-06 09:36:00,Player6,Wordle,444,5,4,taunt,5.0,Easy
2022-09-06 12:49:00,Player3,Wordle,444,4,3,taunt,5.0,Easy
2022-09-06 15:17:00,Player5,Wordle,444,3,2,taunt,5.0,Easy
2022-09-07 07:08:00,Player5,Wordle,445,3,2,leery,8.0,Easy
2022-09-07 07:58:00,Player4,Wordle,445,4,3,leery,8.0,Easy
2022-09-07 08:00:00,Player6,Wordle,445,3,2,leery,8.0,Easy
2022-09-07 09:18:00,Player1,Wordle,445,5,4,leery,8.0,Easy
2022-09-07 10:50:00,Player3,Wordle,445,4,3,leery,8.0,Easy
2022-09-08 07:51:00,Player4,Wordle,446,3,2,class,7.0,Easy
2022-09-08 08:50:00,Player2,Wordle,446,4,3,class,7.0,Easy
2022-09-08 09:42:00,Player1,Wordle,446,6,6,class,7.0,Easy
2022-09-08 11:11:00,Player6,Wordle,446,4,3,class,7.0,Easy
2022-09-08 20:42:00,Player5,Wordle,446,6,6,class,7.0,Easy
2022-09-09 05:35:00,Player4,Wordle,447,3,2,theme,10.0,Easy
2022-09-09 08:17:00,Player1,Wordle,447,4,3,theme,10.0,Easy
2022-09-09 11:40:00,Player6,Wordle,447,3,2,theme,10.0,Easy
2022-09-09 12:40:00,Player5,Wordle,447,4,3,theme,10.0,Easy
2022-09-09 21:41:00,Player2,Wordle,447,4,3,theme,10.0,Easy
2022-09-10 06:33:00,Player4,Wordle,448,2,1,lofty,11.0,Easy
2022-09-10 08:43:00,Player2,Wordle,448,4,3,lofty,11.0,Easy
2022-09-10 10:13:00,Player3,Wordle,448,3,2,lofty,11.0,Easy
2022-09-10 10:50:00,Player1,Wordle,448,4,3,lofty,11.0,Easy
2022-09-10 13:22:00,Player6,Wordle,448,3,2,lofty,11.0,Easy
2022-09-10 13:24:00,Player5,Wordle,448,4,3,lofty,11.0,Easy
2022-09-11 10:09:00,Player2,Wordle,449,5,4,tibia,7.0,Easy
2022-09-11 10:37:00,Player6,Wordle,449,4,3,tibia,7.0,Easy
2022-09-11 11:16:00,Player3,Wordle,449,3,2,tibia,7.0,Easy
2022-09-11 12:19:00,Player4,Wordle,449,4,3,tibia,7.0,Easy
2022-09-11 14:19:00,Player1,Wordle,449,4,3,tibia,7.0,Easy
2022-09-12 07:18:00,Player1,Wordle,450,5,4,booze,16.0,Hard
2022-09-12 12:02:00,Player5,Wordle,450,4,3,booze,16.0,Hard
2022-09-12 14:06:00,Player6,Wordle,450,6,5,booze,16.0,Hard
2022-09-12 21:21:00,Player4,Wordle,450,6,5,booze,16.0,Hard
2022-09-12 21:43:00,Player2,Wordle,450,5,4,booze,16.0,Hard
2022-09-13 02:48:00,Player3,Wordle,451,5,4,alpha,10.0,Easy
2022-09-13 05:59:00,Player4,Wordle,451,4,3,alpha,10.0,Easy
2022-09-13 07:29:00,Player5,Wordle,451,6,6,alpha,10.0,Easy
2022-09-13 08:04:00,Player6,Wordle,451,4,3,alpha,10.0,Easy
2022-09-13 09:22:00,Player1,Wordle,451,5,4,alpha,10.0,Easy
2022-09-13 11:34:00,Player2,Wordle,451,4,3,alpha,10.0,Easy
2022-09-14 03:59:00,Player3,Wordle,452,3,2,thyme,13.0,Hard
2022-09-14 07:03:00,Player4,Wordle,452,4,3,thyme,13.0,Hard
2022-09-14 08:57:00,Player6,Wordle,452,4,3,thyme,13.0,Hard
2022-09-14 10:14:00,Player2,Wordle,452,4,3,thyme,13.0,Hard
2022-09-14 11:09:00,Player1,Wordle,452,5,4,thyme,13.0,Hard
2022-09-14 15:34:00,Player5,Wordle,452,4,3,thyme,13.0,Hard
2022-09-15 08:57:00,Player2,Wordle,453,6,5,doubt,8.0,Easy
2022-09-15 09:04:00,Player1,Wordle,453,2,1,doubt,8.0,Easy
2022-09-15 09:19:00,Player4,Wordle,453,4,3,doubt,8.0,Easy
2022-09-15 10:13:00,Player3,Wordle,453,4,3,doubt,8.0,Easy
2022-09-15 14:03:00,Player5,Wordle,453,4,3,doubt,8.0,Easy
2022-09-15 16:05:00,Player6,Wordle,453,3,2,doubt,8.0,Easy
2022-09-16 03:30:00,Player3,Wordle,454,6,5,parer,7.0,Easy
2022-09-16 05:49:00,Player4,Wordle,454,6,6,parer,7.0,Easy
2022-09-16 07:41:00,Player2,Wordle,454,6,6,parer,7.0,Easy
2022-09-16 08:01:00,Player1,Wordle,454,5,4,parer,7.0,Easy
2022-09-16 10:15:00,Player5,Wordle,454,6,6,parer,7.0,Easy
2022-09-16 12:02:00,Player6,Wordle,454,6,6,parer,7.0,Easy
2022-09-17 08:38:00,Player1,Wordle,455,3,2,chute,10.0,Easy
2022-09-17 09:09:00,Player5,Wordle,455,4,3,chute,10.0,Easy
2022-09-17 10:24:00,Player2,Wordle,455,3,2,chute,10.0,Easy
2022-09-17 11:32:00,Player4,Wordle,455,3,2,chute,10.0,Easy
2022-09-17 13:42:00,Player3,Wordle,455,3,2,chute,10.0,Easy
2022-09-17 16:20:00,Player6,Wordle,455,4,3,chute,10.0,Easy
2022-09-18 09:44:00,Player2,Wordle,456,4,3,stick,11.0,Easy
2022-09-18 09:51:00,Player1,Wordle,456,3,2,stick,11.0,Easy
2022-09-18 10:54:00,Player3,Wordle,456,3,2,stick,11.0,Easy
2022-09-18 16:40:00,Player6,Wordle,456,5,4,stick,11.0,Easy
2022-09-18 17:23:00,Player5,Wordle,456,3,2,stick,11.0,Easy
2022-09-18 18:45:00,Player4,Wordle,456,4,3,stick,11.0,Easy
2022-09-19 07:52:00,Player4,Wordle,457,5,4,trice,7.0,Easy
2022-09-19 07:57:00,Player1,Wordle,457,6,5,trice,7.0,Easy
2022-09-19 08:01:00,Player5,Wordle,457,5,4,trice,7.0,Easy
2022-09-19 08:08:00,Player2,Wordle,457,4,3,trice,7.0,Easy
2022-09-19 12:51:00,Player6,Wordle,457,6,6,trice,7.0,Easy
2022-09-20 08:29:00,Player1,Wordle,458,3,2,alike,9.0,Easy
2022-09-20 09:54:00,Player4,Wordle,458,6,6,alike,9.0,Easy
2022-09-20 10:01:00,Player2,Wordle,458,5,4,alike,9.0,Easy
2022-09-20 10:12:00,Player3,Wordle,458,4,3,alike,9.0,Easy
2022-09-20 11:08:00,Player6,Wordle,458,5,4,alike,9.0,Easy
2022-09-20 20:19:00,Player5,Wordle,458,4,3,alike,9.0,Easy
2022-09-21 08:16:00,Player1,Wordle,459,4,3,recap,9.0,Easy
2022-09-21 08:19:00,Player4,Wordle,459,4,3,recap,9.0,Easy
2022-09-21 08:28:00,Player2,Wordle,459,3,2,recap,9.0,Easy
2022-09-21 10:42:00,Player3,Wordle,459,3,2,recap,9.0,Easy
2022-09-21 11:24:00,Player5,Wordle,459,4,3,recap,9.0,Easy
2022-09-21 14:37:00,Player6,Wordle,459,3,2,recap,9.0,Easy
2022-09-22 02:01:00,Player3,Wordle,460,4,3,saint,5.0,Easy
2022-09-22 06:02:00,Player4,Wordle,460,5,4,saint,5.0,Easy
2022-09-22 07:32:00,Player5,Wordle,460,2,1,saint,5.0,Easy
2022-09-22 07:47:00,Player1,Wordle,460,2,1,saint,5.0,Easy
2022-09-22 08:55:00,Player6,Wordle,460,4,3,saint,5.0,Easy
2022-09-23 02:12:00,Player3,Wordle,461,4,3,glory,9.0,Easy
2022-09-23 07:56:00,Player4,Wordle,461,4,3,glory,9.0,Easy
2022-09-23 10:05:00,Player6,Wordle,461,2,1,glory,9.0,Easy
2022-09-23 14:25:00,Player2,Wordle,461,5,4,glory,9.0,Easy
2022-09-23 18:12:00,Player5,Wordle,461,5,4,glory,9.0,Easy
2022-09-23 18:48:00,Player1,Wordle,461,5,4,glory,9.0,Easy
2022-09-24 02:49:00,Player3,Wordle,462,2,1,grate,6.0,Easy
2022-09-24 06:19:00,Player4,Wordle,462,4,3,grate,6.0,Easy
2022-09-24 08:50:00,Player2,Wordle,462,5,4,grate,6.0,Easy
2022-09-24 09:25:00,Player1,Wordle,462,2,1,grate,6.0,Easy
2022-09-24 11:07:00,Player5,Wordle,462,6,6,grate,6.0,Easy
2022-09-24 16:06:00,Player6,Wordle,462,3,2,grate,6.0,Easy
2022-09-25 11:03:00,Player3,Wordle,463,3,2,admit,8.0,Easy
2022-09-25 11:40:00,Player1,Wordle,463,5,4,admit,8.0,Easy
2022-09-25 11:47:00,Player2,Wordle,463,5,4,admit,8.0,Easy
2022-09-25 14:32:00,Player6,Wordle,463,5,4,admit,8.0,Easy
2022-09-25 14:52:00,Player5,Wordle,463,4,3,admit,8.0,Easy
2022-09-26 06:41:00,Player4,Wordle,464,4,3,brisk,11.0,Easy
2022-09-26 10:05:00,Player1,Wordle,464,5,4,brisk,11.0,Easy
2022-09-26 13:15:00,Player5,Wordle,464,5,4,brisk,11.0,Easy
2022-09-26 13:37:00,Player2,Wordle,464,3,2,brisk,11.0,Easy
2022-09-26 14:48:00,Player6,Wordle,464,3,2,brisk,11.0,Easy
2022-09-26 23:38:00,Player3,Wordle,464,4,3,brisk,11.0,Easy
2022-09-27 06:37:00,Player4,Wordle,465,4,3,soggy,10.0,Easy
2022-09-27 10:15:00,Player1,Wordle,465,4,3,soggy,10.0,Easy
2022-09-27 11:31:00,Player5,Wordle,465,5,4,soggy,10.0,Easy
2022-09-27 14:47:00,Player2,Wordle,465,5,4,soggy,10.0,Easy
2022-09-27 19:33:00,Player6,Wordle,465,5,4,soggy,10.0,Easy
2022-09-27 20:21:00,Player3,Wordle,465,3,2,soggy,10.0,Easy
2022-09-28 07:37:00,Player1,Wordle,466,3,2,usurp,7.0,Easy
2022-09-28 10:50:00,Player5,Wordle,466,5,4,usurp,7.0,Easy
2022-09-28 11:28:00,Player3,Wordle,466,4,3,usurp,7.0,Easy
2022-09-28 15:33:00,Player4,Wordle,466,4,3,usurp,7.0,Easy
2022-09-29 07:38:00,Player4,Wordle,467,4,3,scald,8.0,Easy
2022-09-29 07:59:00,Player1,Wordle,467,2,1,scald,8.0,Easy
2022-09-29 10:12:00,Player3,Wordle,467,2,1,scald,8.0,Easy
2022-09-29 10:54:00,Player2,Wordle,467,3,2,scald,8.0,Easy
2022-09-30 08:23:00,Player1,Wordle,468,3,2,scorn,7.0,Easy
2022-09-30 09:32:00,Player5,Wordle,468,4,3,scorn,7.0,Easy
2022-09-30 09:40:00,Player4,Wordle,468,4,3,scorn,7.0,Easy
2022-09-30 11:21:00,Player2,Wordle,468,4,3,scorn,7.0,Easy
2022-09-30 12:03:00,Player3,Wordle,468,4,3,scorn,7.0,Easy
2022-10-01 09:11:00,Player4,Wordle,469,5,4,leave,8.0,Easy
2022-10-01 09:34:00,Player1,Wordle,469,3,2,leave,8.0,Easy
2022-10-01 09:57:00,Player5,Wordle,469,2,1,leave,8.0,Easy
2022-10-01 12:45:00,Player3,Wordle,469,3,2,leave,8.0,Easy
2022-10-01 13:16:00,Player6,Wordle,469,4,3,leave,8.0,Easy
2022-10-01 22:10:00,Player2,Wordle,469,3,2,leave,8.0,Easy
2022-10-02 05:37:00,Player4,Wordle,470,4,3,twine,8.0,Easy
2022-10-02 09:38:00,Player1,Wordle,470,5,4,twine,8.0,Easy
2022-10-02 11:50:00,Player3,Wordle,470,4,3,twine,8.0,Easy
2022-10-02 13:02:00,Player5,Wordle,470,3,2,twine,8.0,Easy
2022-10-02 13:36:00,Player2,Wordle,470,3,2,twine,8.0,Easy
2022-10-03 07:54:00,Player5,Wordle,471,3,2,sting,6.0,Easy
2022-10-03 07:54:00,Player1,Wordle,471,4,3,sting,6.0,Easy
2022-10-03 09:00:00,Player2,Wordle,471,5,4,sting,6.0,Easy
2022-10-03 13:29:00,Player3,Wordle,471,4,3,sting,6.0,Easy
2022-10-03 19:28:00,Player6,Wordle,471,6,6,sting,6.0,Easy
2022-10-03 19:32:00,Player4,Wordle,471,2,1,sting,6.0,Easy
2022-10-04 08:57:00,Player1,Wordle,472,5,4,bough,11.0,Easy
2022-10-04 10:13:00,Player3,Wordle,472,4,3,bough,11.0,Easy
2022-10-04 14:41:00,Player4,Wordle,472,4,3,bough,11.0,Easy
2022-10-04 15:53:00,Player5,Wordle,472,4,3,bough,11.0,Easy
2022-10-04 17:54:00,Player2,Wordle,472,3,2,bough,11.0,Easy
2022-10-04 23:26:00,Player6,Wordle,472,4,3,bough,11.0,Easy
2022-10-05 08:29:00,Player3,Wordle,473,3,2,marsh,10.0,Easy
2022-10-05 08:43:00,Player2,Wordle,473,5,4,marsh,10.0,Easy
2022-10-05 08:48:00,Player1,Wordle,473,4,3,marsh,10.0,Easy
2022-10-05 09:04:00,Player6,Wordle,473,2,1,marsh,10.0,Easy
2022-10-05 11:19:00,Player5,Wordle,473,3,2,marsh,10.0,Easy
2022-10-06 06:18:00,Player4,Wordle,474,3,2,sloth,8.0,Easy
2022-10-06 08:06:00,Player5,Wordle,474,3,2,sloth,8.0,Easy
2022-10-06 08:08:00,Player1,Wordle,474,3,2,sloth,8.0,Easy
2022-10-06 16:51:00,Player6,Wordle,474,4,3,sloth,8.0,Easy
2022-10-06 17:03:00,Player2,Wordle,474,4,3,sloth,8.0,Easy
2022-10-07 07:38:00,Player4,Wordle,475,6,6,dandy,10.0,Easy
2022-10-07 07:40:00,Player1,Wordle,475,4,3,dandy,10.0,Easy
2022-10-07 09:10:00,Player2,Wordle,475,6,5,dandy,10.0,Easy
2022-10-07 09:57:00,Player5,Wordle,475,6,6,dandy,10.0,Easy
2022-10-07 11:57:00,Player3,Wordle,475,5,4,dandy,10.0,Easy
2022-10-07 15:55:00,Player6,Wordle,475,6,6,dandy,10.0,Easy
2022-10-08 10:44:00,Player6,Wordle,476,5,4,vigor,9.0,Easy
2022-10-08 12:32:00,Player3,Wordle,476,5,4,vigor,9.0,Easy
2022-10-08 12:46:00,Player1,Wordle,476,4,3,vigor,9.0,Easy
2022-10-08 20:47:00,Player5,Wordle,476,5,4,vigor,9.0,Easy
2022-10-08 22:01:00,Player2,Wordle,476,5,4,vigor,9.0,Easy
2022-10-08 22:17:00,Player4,Wordle,476,4,3,vigor,9.0,Easy
2022-10-09 08:36:00,Player1,Wordle,477,5,4,howdy,15.0,Hard
2022-10-09 08:47:00,Player5,Wordle,477,4,3,howdy,15.0,Hard
2022-10-09 09:07:00,Player6,Wordle,477,4,3,howdy,15.0,Hard
2022-10-09 10:16:00,Player2,Wordle,477,5,4,howdy,15.0,Hard
2022-10-09 12:43:00,Player3,Wordle,477,4,3,howdy,15.0,Hard
2022-10-10 07:53:00,Player5,Wordle,478,6,5,enjoy,15.0,Hard
2022-10-10 08:08:00,Player1,Wordle,478,4,3,enjoy,15.0,Hard
2022-10-10 09:59:00,Player2,Wordle,478,4,3,enjoy,15.0,Hard
2022-10-10 13:36:00,Player3,Wordle,478,3,2,enjoy,15.0,Hard
2022-10-11 06:29:00,Player4,Wordle,479,3,2,valid,9.0,Easy
2022-10-11 07:48:00,Player2,Wordle,479,4,3,valid,9.0,Easy
2022-10-11 08:39:00,Player1,Wordle,479,3,2,valid,9.0,Easy
2022-10-11 11:38:00,Player5,Wordle,479,4,3,valid,9.0,Easy
2022-10-11 19:10:00,Player6,Wordle,479,4,3,valid,9.0,Easy
2022-10-12 08:28:00,Player1,Wordle,480,6,5,ionic,7.0,Easy
2022-10-12 11:05:00,Player3,Wordle,480,3,2,ionic,7.0,Easy
2022-10-12 11:37:00,Player2,Wordle,480,6,6,ionic,7.0,Easy
2022-10-12 12:50:00,Player5,Wordle,480,6,5,ionic,7.0,Easy
2022-10-12 14:47:00,Player6,Wordle,480,4,3,ionic,7.0,Easy
2022-10-13 07:05:00,Player1,Wordle,481,4,3,equal,14.0,Hard
2022-10-13 10:54:00,Player5,Wordle,481,5,4,equal,14.0,Hard
2022-10-13 12:58:00,Player6,Wordle,481,5,4,equal,14.0,Hard
2022-10-13 15:10:00,Player4,Wordle,481,4,3,equal,14.0,Hard
2022-10-14 06:23:00,Player4,Wordle,482,4,3,,,
2022-10-14 12:21:00,Player1,Wordle,482,4,3,,,
2022-10-14 12:23:00,Player6,Wordle,482,4,3,,,
2022-10-14 13:17:00,Player3,Wordle,482,5,4,,,
2022-10-14 14:22:00,Player5,Wordle,482,5,4,,,
